,index,LOCATION,INDICATOR,SUBJECT,MEASURE,FREQUENCY,TIME,CPI
0,34342,CAN,CPI,ENRG,AGRWTH,M,Jan-62,0.0
1,34343,CAN,CPI,ENRG,AGRWTH,M,Feb-62,0.0
2,34344,CAN,CPI,ENRG,AGRWTH,M,Mar-62,0.0
3,34345,CAN,CPI,ENRG,AGRWTH,M,Apr-62,-0.8695652
4,34346,CAN,CPI,ENRG,AGRWTH,M,May-62,0.0
5,34347,CAN,CPI,ENRG,AGRWTH,M,Jun-62,0.8849558
6,34348,CAN,CPI,ENRG,AGRWTH,M,Jul-62,0.0
7,34349,CAN,CPI,ENRG,AGRWTH,M,Aug-62,-0.8695652
8,34350,CAN,CPI,ENRG,AGRWTH,M,Sep-62,-0.8695652
9,34351,CAN,CPI,ENRG,AGRWTH,M,Oct-62,-1.73913
10,34352,CAN,CPI,ENRG,AGRWTH,M,Nov-62,-1.73913
11,34353,CAN,CPI,ENRG,AGRWTH,M,Dec-62,0.0
12,34354,CAN,CPI,ENRG,AGRWTH,M,Jan-63,-2.608696
13,34355,CAN,CPI,ENRG,AGRWTH,M,Feb-63,-1.73913
14,34356,CAN,CPI,ENRG,AGRWTH,M,Mar-63,-2.608696
15,34357,CAN,CPI,ENRG,AGRWTH,M,Apr-63,-0.877193
16,34358,CAN,CPI,ENRG,AGRWTH,M,May-63,-0.877193
17,34359,CAN,CPI,ENRG,AGRWTH,M,Jun-63,-0.877193
18,34360,CAN,CPI,ENRG,AGRWTH,M,Jul-63,-3.508772
19,34361,CAN,CPI,ENRG,AGRWTH,M,Aug-63,-1.754386
20,34362,CAN,CPI,ENRG,AGRWTH,M,Sep-63,-1.754386
21,34363,CAN,CPI,ENRG,AGRWTH,M,Oct-63,-0.8849558
22,34364,CAN,CPI,ENRG,AGRWTH,M,Nov-63,-0.8849558
23,34365,CAN,CPI,ENRG,AGRWTH,M,Dec-63,-0.8849558
24,34366,CAN,CPI,ENRG,AGRWTH,M,Jan-64,0.0
25,34367,CAN,CPI,ENRG,AGRWTH,M,Feb-64,-0.8849558
26,34368,CAN,CPI,ENRG,AGRWTH,M,Mar-64,0.8928571
27,34369,CAN,CPI,ENRG,AGRWTH,M,Apr-64,0.0
28,34370,CAN,CPI,ENRG,AGRWTH,M,May-64,0.0
29,34371,CAN,CPI,ENRG,AGRWTH,M,Jun-64,0.0
30,34372,CAN,CPI,ENRG,AGRWTH,M,Jul-64,2.727273
31,34373,CAN,CPI,ENRG,AGRWTH,M,Aug-64,0.8928571
32,34374,CAN,CPI,ENRG,AGRWTH,M,Sep-64,0.8928571
33,34375,CAN,CPI,ENRG,AGRWTH,M,Oct-64,0.0
34,34376,CAN,CPI,ENRG,AGRWTH,M,Nov-64,0.0
35,34377,CAN,CPI,ENRG,AGRWTH,M,Dec-64,0.0
36,34378,CAN,CPI,ENRG,AGRWTH,M,Jan-65,0.8928571
37,34379,CAN,CPI,ENRG,AGRWTH,M,Feb-65,0.8928571
38,34380,CAN,CPI,ENRG,AGRWTH,M,Mar-65,-0.8849558
39,34381,CAN,CPI,ENRG,AGRWTH,M,Apr-65,-0.8849558
40,34382,CAN,CPI,ENRG,AGRWTH,M,May-65,0.0
41,34383,CAN,CPI,ENRG,AGRWTH,M,Jun-65,0.0
42,34384,CAN,CPI,ENRG,AGRWTH,M,Jul-65,-0.8849558
43,34385,CAN,CPI,ENRG,AGRWTH,M,Aug-65,-0.8849558
44,34386,CAN,CPI,ENRG,AGRWTH,M,Sep-65,0.0
45,34387,CAN,CPI,ENRG,AGRWTH,M,Oct-65,0.8928571
46,34388,CAN,CPI,ENRG,AGRWTH,M,Nov-65,0.8928571
47,34389,CAN,CPI,ENRG,AGRWTH,M,Dec-65,0.8928571
48,34390,CAN,CPI,ENRG,AGRWTH,M,Jan-66,0.0
49,34391,CAN,CPI,ENRG,AGRWTH,M,Feb-66,0.0
50,34392,CAN,CPI,ENRG,AGRWTH,M,Mar-66,0.8928571
51,34393,CAN,CPI,ENRG,AGRWTH,M,Apr-66,1.785714
52,34394,CAN,CPI,ENRG,AGRWTH,M,May-66,0.8849558
53,34395,CAN,CPI,ENRG,AGRWTH,M,Jun-66,0.8849558
54,34396,CAN,CPI,ENRG,AGRWTH,M,Jul-66,1.785714
55,34397,CAN,CPI,ENRG,AGRWTH,M,Aug-66,1.785714
56,34398,CAN,CPI,ENRG,AGRWTH,M,Sep-66,0.8849558
57,34399,CAN,CPI,ENRG,AGRWTH,M,Oct-66,1.769912
58,34400,CAN,CPI,ENRG,AGRWTH,M,Nov-66,1.769912
59,34401,CAN,CPI,ENRG,AGRWTH,M,Dec-66,1.769912
60,34402,CAN,CPI,ENRG,AGRWTH,M,Jan-67,1.769912
61,34403,CAN,CPI,ENRG,AGRWTH,M,Feb-67,1.769912
62,34404,CAN,CPI,ENRG,AGRWTH,M,Mar-67,2.654867
63,34405,CAN,CPI,ENRG,AGRWTH,M,Apr-67,4.385965
64,34406,CAN,CPI,ENRG,AGRWTH,M,May-67,5.263158
65,34407,CAN,CPI,ENRG,AGRWTH,M,Jun-67,5.263158
66,34408,CAN,CPI,ENRG,AGRWTH,M,Jul-67,5.263158
67,34409,CAN,CPI,ENRG,AGRWTH,M,Aug-67,4.385965
68,34410,CAN,CPI,ENRG,AGRWTH,M,Sep-67,4.385965
69,34411,CAN,CPI,ENRG,AGRWTH,M,Oct-67,3.478261
70,34412,CAN,CPI,ENRG,AGRWTH,M,Nov-67,3.478261
71,34413,CAN,CPI,ENRG,AGRWTH,M,Dec-67,3.478261
72,34414,CAN,CPI,ENRG,AGRWTH,M,Jan-68,4.347826
73,34415,CAN,CPI,ENRG,AGRWTH,M,Feb-68,4.347826
74,34416,CAN,CPI,ENRG,AGRWTH,M,Mar-68,4.310345
75,34417,CAN,CPI,ENRG,AGRWTH,M,Apr-68,2.521008
76,34418,CAN,CPI,ENRG,AGRWTH,M,May-68,2.5
77,34419,CAN,CPI,ENRG,AGRWTH,M,Jun-68,2.5
78,34420,CAN,CPI,ENRG,AGRWTH,M,Jul-68,2.5
79,34421,CAN,CPI,ENRG,AGRWTH,M,Aug-68,4.201681
80,34422,CAN,CPI,ENRG,AGRWTH,M,Sep-68,4.201681
81,34423,CAN,CPI,ENRG,AGRWTH,M,Oct-68,4.201681
82,34424,CAN,CPI,ENRG,AGRWTH,M,Nov-68,4.201681
83,34425,CAN,CPI,ENRG,AGRWTH,M,Dec-68,4.201681
84,34426,CAN,CPI,ENRG,AGRWTH,M,Jan-69,4.166667
85,34427,CAN,CPI,ENRG,AGRWTH,M,Feb-69,4.166667
86,34428,CAN,CPI,ENRG,AGRWTH,M,Mar-69,3.305785
87,34429,CAN,CPI,ENRG,AGRWTH,M,Apr-69,2.459016
88,34430,CAN,CPI,ENRG,AGRWTH,M,May-69,1.626016
89,34431,CAN,CPI,ENRG,AGRWTH,M,Jun-69,1.626016
90,34432,CAN,CPI,ENRG,AGRWTH,M,Jul-69,1.626016
91,34433,CAN,CPI,ENRG,AGRWTH,M,Aug-69,1.612903
92,34434,CAN,CPI,ENRG,AGRWTH,M,Sep-69,2.419355
93,34435,CAN,CPI,ENRG,AGRWTH,M,Oct-69,2.419355
94,34436,CAN,CPI,ENRG,AGRWTH,M,Nov-69,2.419355
95,34437,CAN,CPI,ENRG,AGRWTH,M,Dec-69,2.419355
96,34438,CAN,CPI,ENRG,AGRWTH,M,Jan-70,1.6
97,34439,CAN,CPI,ENRG,AGRWTH,M,Feb-70,1.6
98,34440,CAN,CPI,ENRG,AGRWTH,M,Mar-70,4.0
99,34441,CAN,CPI,ENRG,AGRWTH,M,Apr-70,4.0
100,34442,CAN,CPI,ENRG,AGRWTH,M,May-70,4.0
101,34443,CAN,CPI,ENRG,AGRWTH,M,Jun-70,4.0
102,34444,CAN,CPI,ENRG,AGRWTH,M,Jul-70,4.0
103,34445,CAN,CPI,ENRG,AGRWTH,M,Aug-70,3.174603
104,34446,CAN,CPI,ENRG,AGRWTH,M,Sep-70,2.362205
105,34447,CAN,CPI,ENRG,AGRWTH,M,Oct-70,2.362205
106,34448,CAN,CPI,ENRG,AGRWTH,M,Nov-70,3.149606
107,34449,CAN,CPI,ENRG,AGRWTH,M,Dec-70,3.149606
108,34450,CAN,CPI,ENRG,AGRWTH,M,Jan-71,3.937008
109,34451,CAN,CPI,ENRG,AGRWTH,M,Feb-71,4.72441
110,34452,CAN,CPI,ENRG,AGRWTH,M,Mar-71,2.307692
111,34453,CAN,CPI,ENRG,AGRWTH,M,Apr-71,5.384615
112,34454,CAN,CPI,ENRG,AGRWTH,M,May-71,5.384615
113,34455,CAN,CPI,ENRG,AGRWTH,M,Jun-71,5.384615
114,34456,CAN,CPI,ENRG,AGRWTH,M,Jul-71,5.384615
115,34457,CAN,CPI,ENRG,AGRWTH,M,Aug-71,5.384615
116,34458,CAN,CPI,ENRG,AGRWTH,M,Sep-71,5.384615
117,34459,CAN,CPI,ENRG,AGRWTH,M,Oct-71,5.384615
118,34460,CAN,CPI,ENRG,AGRWTH,M,Nov-71,5.343512
119,34461,CAN,CPI,ENRG,AGRWTH,M,Dec-71,5.343512
120,34462,CAN,CPI,ENRG,AGRWTH,M,Jan-72,5.30303
121,34463,CAN,CPI,ENRG,AGRWTH,M,Feb-72,4.511278
122,34464,CAN,CPI,ENRG,AGRWTH,M,Mar-72,5.263158
123,34465,CAN,CPI,ENRG,AGRWTH,M,Apr-72,2.189781
124,34466,CAN,CPI,ENRG,AGRWTH,M,May-72,2.189781
125,34467,CAN,CPI,ENRG,AGRWTH,M,Jun-72,2.189781
126,34468,CAN,CPI,ENRG,AGRWTH,M,Jul-72,2.189781
127,34469,CAN,CPI,ENRG,AGRWTH,M,Aug-72,2.189781
128,34470,CAN,CPI,ENRG,AGRWTH,M,Sep-72,2.189781
129,34471,CAN,CPI,ENRG,AGRWTH,M,Oct-72,2.189781
130,34472,CAN,CPI,ENRG,AGRWTH,M,Nov-72,1.449275
131,34473,CAN,CPI,ENRG,AGRWTH,M,Dec-72,1.449275
132,34474,CAN,CPI,ENRG,AGRWTH,M,Jan-73,3.597122
133,34475,CAN,CPI,ENRG,AGRWTH,M,Feb-73,5.035971
134,34476,CAN,CPI,ENRG,AGRWTH,M,Mar-73,4.285714
135,34477,CAN,CPI,ENRG,AGRWTH,M,Apr-73,4.285714
136,34478,CAN,CPI,ENRG,AGRWTH,M,May-73,5.714286
137,34479,CAN,CPI,ENRG,AGRWTH,M,Jun-73,7.142857
138,34480,CAN,CPI,ENRG,AGRWTH,M,Jul-73,8.571428
139,34481,CAN,CPI,ENRG,AGRWTH,M,Aug-73,11.42857
140,34482,CAN,CPI,ENRG,AGRWTH,M,Sep-73,12.14286
141,34483,CAN,CPI,ENRG,AGRWTH,M,Oct-73,13.57143
142,34484,CAN,CPI,ENRG,AGRWTH,M,Nov-73,15.0
143,34485,CAN,CPI,ENRG,AGRWTH,M,Dec-73,18.57143
144,34486,CAN,CPI,ENRG,AGRWTH,M,Jan-74,15.27778
145,34487,CAN,CPI,ENRG,AGRWTH,M,Feb-74,13.69863
146,34488,CAN,CPI,ENRG,AGRWTH,M,Mar-74,13.69863
147,34489,CAN,CPI,ENRG,AGRWTH,M,Apr-74,13.69863
148,34490,CAN,CPI,ENRG,AGRWTH,M,May-74,18.91892
149,34491,CAN,CPI,ENRG,AGRWTH,M,Jun-74,20.66667
150,34492,CAN,CPI,ENRG,AGRWTH,M,Jul-74,19.07895
151,34493,CAN,CPI,ENRG,AGRWTH,M,Aug-74,16.02564
152,34494,CAN,CPI,ENRG,AGRWTH,M,Sep-74,15.28662
153,34495,CAN,CPI,ENRG,AGRWTH,M,Oct-74,13.83648
154,34496,CAN,CPI,ENRG,AGRWTH,M,Nov-74,12.42236
155,34497,CAN,CPI,ENRG,AGRWTH,M,Dec-74,9.638555
156,34498,CAN,CPI,ENRG,AGRWTH,M,Jan-75,11.44578
157,34499,CAN,CPI,ENRG,AGRWTH,M,Feb-75,11.44578
158,34500,CAN,CPI,ENRG,AGRWTH,M,Mar-75,13.85542
159,34501,CAN,CPI,ENRG,AGRWTH,M,Apr-75,14.45783
160,34502,CAN,CPI,ENRG,AGRWTH,M,May-75,8.522727
161,34503,CAN,CPI,ENRG,AGRWTH,M,Jun-75,5.524862
162,34504,CAN,CPI,ENRG,AGRWTH,M,Jul-75,12.70718
163,34505,CAN,CPI,ENRG,AGRWTH,M,Aug-75,14.36464
164,34506,CAN,CPI,ENRG,AGRWTH,M,Sep-75,16.57458
165,34507,CAN,CPI,ENRG,AGRWTH,M,Oct-75,16.57458
166,34508,CAN,CPI,ENRG,AGRWTH,M,Nov-75,18.78453
167,34509,CAN,CPI,ENRG,AGRWTH,M,Dec-75,19.78022
168,34510,CAN,CPI,ENRG,AGRWTH,M,Jan-76,20.0
169,34511,CAN,CPI,ENRG,AGRWTH,M,Feb-76,21.08108
170,34512,CAN,CPI,ENRG,AGRWTH,M,Mar-76,19.04762
171,34513,CAN,CPI,ENRG,AGRWTH,M,Apr-76,18.42105
172,34514,CAN,CPI,ENRG,AGRWTH,M,May-76,18.32461
173,34515,CAN,CPI,ENRG,AGRWTH,M,Jun-76,19.37173
174,34516,CAN,CPI,ENRG,AGRWTH,M,Jul-76,11.76471
175,34517,CAN,CPI,ENRG,AGRWTH,M,Aug-76,10.14493
176,34518,CAN,CPI,ENRG,AGRWTH,M,Sep-76,12.79621
177,34519,CAN,CPI,ENRG,AGRWTH,M,Oct-76,14.21801
178,34520,CAN,CPI,ENRG,AGRWTH,M,Nov-76,11.62791
179,34521,CAN,CPI,ENRG,AGRWTH,M,Dec-76,10.09174
180,34522,CAN,CPI,ENRG,AGRWTH,M,Jan-77,10.36036
181,34523,CAN,CPI,ENRG,AGRWTH,M,Feb-77,9.375
182,34524,CAN,CPI,ENRG,AGRWTH,M,Mar-77,13.33333
183,34525,CAN,CPI,ENRG,AGRWTH,M,Apr-77,14.22222
184,34526,CAN,CPI,ENRG,AGRWTH,M,May-77,14.15929
185,34527,CAN,CPI,ENRG,AGRWTH,M,Jun-77,13.1579
186,34528,CAN,CPI,ENRG,AGRWTH,M,Jul-77,13.1579
187,34529,CAN,CPI,ENRG,AGRWTH,M,Aug-77,13.1579
188,34530,CAN,CPI,ENRG,AGRWTH,M,Sep-77,11.34454
189,34531,CAN,CPI,ENRG,AGRWTH,M,Oct-77,10.78838
190,34532,CAN,CPI,ENRG,AGRWTH,M,Nov-77,11.66667
191,34533,CAN,CPI,ENRG,AGRWTH,M,Dec-77,11.25
192,34534,CAN,CPI,ENRG,AGRWTH,M,Jan-78,9.387755
193,34535,CAN,CPI,ENRG,AGRWTH,M,Feb-78,10.61224
194,34536,CAN,CPI,ENRG,AGRWTH,M,Mar-78,10.19608
195,34537,CAN,CPI,ENRG,AGRWTH,M,Apr-78,8.949416
196,34538,CAN,CPI,ENRG,AGRWTH,M,May-78,8.527132
197,34539,CAN,CPI,ENRG,AGRWTH,M,Jun-78,8.139535
198,34540,CAN,CPI,ENRG,AGRWTH,M,Jul-78,8.527132
199,34541,CAN,CPI,ENRG,AGRWTH,M,Aug-78,10.07752
200,34542,CAN,CPI,ENRG,AGRWTH,M,Sep-78,9.81132
201,34543,CAN,CPI,ENRG,AGRWTH,M,Oct-78,8.988764
202,34544,CAN,CPI,ENRG,AGRWTH,M,Nov-78,8.582089
203,34545,CAN,CPI,ENRG,AGRWTH,M,Dec-78,9.737827
204,34546,CAN,CPI,ENRG,AGRWTH,M,Jan-79,11.56716
205,34547,CAN,CPI,ENRG,AGRWTH,M,Feb-79,10.70111
206,34548,CAN,CPI,ENRG,AGRWTH,M,Mar-79,6.761566
207,34549,CAN,CPI,ENRG,AGRWTH,M,Apr-79,7.857143
208,34550,CAN,CPI,ENRG,AGRWTH,M,May-79,8.214286
209,34551,CAN,CPI,ENRG,AGRWTH,M,Jun-79,8.602151
210,34552,CAN,CPI,ENRG,AGRWTH,M,Jul-79,9.285714
211,34553,CAN,CPI,ENRG,AGRWTH,M,Aug-79,8.098592
212,34554,CAN,CPI,ENRG,AGRWTH,M,Sep-79,9.965635
213,34555,CAN,CPI,ENRG,AGRWTH,M,Oct-79,10.99656
214,34556,CAN,CPI,ENRG,AGRWTH,M,Nov-79,12.02749
215,34557,CAN,CPI,ENRG,AGRWTH,M,Dec-79,12.62799
216,34558,CAN,CPI,ENRG,AGRWTH,M,Jan-80,12.37458
217,34559,CAN,CPI,ENRG,AGRWTH,M,Feb-80,12.33333
218,34560,CAN,CPI,ENRG,AGRWTH,M,Mar-80,15.33333
219,34561,CAN,CPI,ENRG,AGRWTH,M,Apr-80,15.56291
220,34562,CAN,CPI,ENRG,AGRWTH,M,May-80,15.51155
221,34563,CAN,CPI,ENRG,AGRWTH,M,Jun-80,16.17162
222,34564,CAN,CPI,ENRG,AGRWTH,M,Jul-80,16.33987
223,34565,CAN,CPI,ENRG,AGRWTH,M,Aug-80,17.26384
224,34566,CAN,CPI,ENRG,AGRWTH,M,Sep-80,12.5
225,34567,CAN,CPI,ENRG,AGRWTH,M,Oct-80,18.57585
226,34568,CAN,CPI,ENRG,AGRWTH,M,Nov-80,20.55215
227,34569,CAN,CPI,ENRG,AGRWTH,M,Dec-80,19.39394
228,34570,CAN,CPI,ENRG,AGRWTH,M,Jan-81,24.70238
229,34571,CAN,CPI,ENRG,AGRWTH,M,Feb-81,24.92582
230,34572,CAN,CPI,ENRG,AGRWTH,M,Mar-81,27.45665
231,34573,CAN,CPI,ENRG,AGRWTH,M,Apr-81,26.36103
232,34574,CAN,CPI,ENRG,AGRWTH,M,May-81,28.85714
233,34575,CAN,CPI,ENRG,AGRWTH,M,Jun-81,34.375
234,34576,CAN,CPI,ENRG,AGRWTH,M,Jul-81,34.26966
235,34577,CAN,CPI,ENRG,AGRWTH,M,Aug-81,33.33333
236,34578,CAN,CPI,ENRG,AGRWTH,M,Sep-81,37.5
237,34579,CAN,CPI,ENRG,AGRWTH,M,Oct-81,30.5483
238,34580,CAN,CPI,ENRG,AGRWTH,M,Nov-81,27.22646
239,34581,CAN,CPI,ENRG,AGRWTH,M,Dec-81,30.45685
240,34582,CAN,CPI,ENRG,AGRWTH,M,Jan-82,24.10501
241,34583,CAN,CPI,ENRG,AGRWTH,M,Feb-82,23.75297
242,34584,CAN,CPI,ENRG,AGRWTH,M,Mar-82,24.4898
243,34585,CAN,CPI,ENRG,AGRWTH,M,Apr-82,24.94331
244,34586,CAN,CPI,ENRG,AGRWTH,M,May-82,23.72506
245,34587,CAN,CPI,ENRG,AGRWTH,M,Jun-82,18.18182
246,34588,CAN,CPI,ENRG,AGRWTH,M,Jul-82,16.94561
247,34589,CAN,CPI,ENRG,AGRWTH,M,Aug-82,17.5
248,34590,CAN,CPI,ENRG,AGRWTH,M,Sep-82,18.9899
249,34591,CAN,CPI,ENRG,AGRWTH,M,Oct-82,16.4
250,34592,CAN,CPI,ENRG,AGRWTH,M,Nov-82,17.2
251,34593,CAN,CPI,ENRG,AGRWTH,M,Dec-82,14.00778
252,34594,CAN,CPI,ENRG,AGRWTH,M,Jan-83,10.96154
253,34595,CAN,CPI,ENRG,AGRWTH,M,Feb-83,8.637236
254,34596,CAN,CPI,ENRG,AGRWTH,M,Mar-83,11.65756
255,34597,CAN,CPI,ENRG,AGRWTH,M,Apr-83,6.170599
256,34598,CAN,CPI,ENRG,AGRWTH,M,May-83,1.25448
257,34599,CAN,CPI,ENRG,AGRWTH,M,Jun-83,10.19678
258,34600,CAN,CPI,ENRG,AGRWTH,M,Jul-83,11.27013
259,34601,CAN,CPI,ENRG,AGRWTH,M,Aug-83,10.99291
260,34602,CAN,CPI,ENRG,AGRWTH,M,Sep-83,5.942275
261,34603,CAN,CPI,ENRG,AGRWTH,M,Oct-83,6.185567
262,34604,CAN,CPI,ENRG,AGRWTH,M,Nov-83,4.607509
263,34605,CAN,CPI,ENRG,AGRWTH,M,Dec-83,6.143345
264,34606,CAN,CPI,ENRG,AGRWTH,M,Jan-84,10.39861
265,34607,CAN,CPI,ENRG,AGRWTH,M,Feb-84,13.07421
266,34608,CAN,CPI,ENRG,AGRWTH,M,Mar-84,2.120718
267,34609,CAN,CPI,ENRG,AGRWTH,M,Apr-84,7.350427
268,34610,CAN,CPI,ENRG,AGRWTH,M,May-84,10.44248
269,34611,CAN,CPI,ENRG,AGRWTH,M,Jun-84,2.272727
270,34612,CAN,CPI,ENRG,AGRWTH,M,Jul-84,3.054662
271,34613,CAN,CPI,ENRG,AGRWTH,M,Aug-84,1.118211
272,34614,CAN,CPI,ENRG,AGRWTH,M,Sep-84,1.923077
273,34615,CAN,CPI,ENRG,AGRWTH,M,Oct-84,2.912621
274,34616,CAN,CPI,ENRG,AGRWTH,M,Nov-84,6.688417
275,34617,CAN,CPI,ENRG,AGRWTH,M,Dec-84,6.270096
276,34618,CAN,CPI,ENRG,AGRWTH,M,Jan-85,5.494505
277,34619,CAN,CPI,ENRG,AGRWTH,M,Feb-85,4.6875
278,34620,CAN,CPI,ENRG,AGRWTH,M,Mar-85,7.028754
279,34621,CAN,CPI,ENRG,AGRWTH,M,Apr-85,6.687898
280,34622,CAN,CPI,ENRG,AGRWTH,M,May-85,7.371795
281,34623,CAN,CPI,ENRG,AGRWTH,M,Jun-85,6.031746
282,34624,CAN,CPI,ENRG,AGRWTH,M,Jul-85,2.964118
283,34625,CAN,CPI,ENRG,AGRWTH,M,Aug-85,4.581358
284,34626,CAN,CPI,ENRG,AGRWTH,M,Sep-85,6.446541
285,34627,CAN,CPI,ENRG,AGRWTH,M,Oct-85,7.075472
286,34628,CAN,CPI,ENRG,AGRWTH,M,Nov-85,4.740061
287,34629,CAN,CPI,ENRG,AGRWTH,M,Dec-85,4.08472
288,34630,CAN,CPI,ENRG,AGRWTH,M,Jan-86,3.273809
289,34631,CAN,CPI,ENRG,AGRWTH,M,Feb-86,3.58209
290,34632,CAN,CPI,ENRG,AGRWTH,M,Mar-86,0.1492537
291,34633,CAN,CPI,ENRG,AGRWTH,M,Apr-86,-6.567164
292,34634,CAN,CPI,ENRG,AGRWTH,M,May-86,-8.955224
293,34635,CAN,CPI,ENRG,AGRWTH,M,Jun-86,-8.982036
294,34636,CAN,CPI,ENRG,AGRWTH,M,Jul-86,-8.181818
295,34637,CAN,CPI,ENRG,AGRWTH,M,Aug-86,-8.76133
296,34638,CAN,CPI,ENRG,AGRWTH,M,Sep-86,-11.96455
297,34639,CAN,CPI,ENRG,AGRWTH,M,Oct-86,-13.21586
298,34640,CAN,CPI,ENRG,AGRWTH,M,Nov-86,-12.84671
299,34641,CAN,CPI,ENRG,AGRWTH,M,Dec-86,-12.93605
300,34642,CAN,CPI,ENRG,AGRWTH,M,Jan-87,-12.53602
301,34643,CAN,CPI,ENRG,AGRWTH,M,Feb-87,-10.66282
302,34644,CAN,CPI,ENRG,AGRWTH,M,Mar-87,-5.812221
303,34645,CAN,CPI,ENRG,AGRWTH,M,Apr-87,1.597444
304,34646,CAN,CPI,ENRG,AGRWTH,M,May-87,4.426229
305,34647,CAN,CPI,ENRG,AGRWTH,M,Jun-87,5.921052
306,34648,CAN,CPI,ENRG,AGRWTH,M,Jul-87,6.765676
307,34649,CAN,CPI,ENRG,AGRWTH,M,Aug-87,7.615894
308,34650,CAN,CPI,ENRG,AGRWTH,M,Sep-87,9.899329
309,34651,CAN,CPI,ENRG,AGRWTH,M,Oct-87,10.49069
310,34652,CAN,CPI,ENRG,AGRWTH,M,Nov-87,9.715243
311,34653,CAN,CPI,ENRG,AGRWTH,M,Dec-87,9.348915
312,34654,CAN,CPI,ENRG,AGRWTH,M,Jan-88,7.907743
313,34655,CAN,CPI,ENRG,AGRWTH,M,Feb-88,4.193548
314,34656,CAN,CPI,ENRG,AGRWTH,M,Mar-88,1.424051
315,34657,CAN,CPI,ENRG,AGRWTH,M,Apr-88,1.886792
316,34658,CAN,CPI,ENRG,AGRWTH,M,May-88,2.66876
317,34659,CAN,CPI,ENRG,AGRWTH,M,Jun-88,1.242236
318,34660,CAN,CPI,ENRG,AGRWTH,M,Jul-88,0.927357
319,34661,CAN,CPI,ENRG,AGRWTH,M,Aug-88,-1.230769
320,34662,CAN,CPI,ENRG,AGRWTH,M,Sep-88,-1.832061
321,34663,CAN,CPI,ENRG,AGRWTH,M,Oct-88,-2.143951
322,34664,CAN,CPI,ENRG,AGRWTH,M,Nov-88,-3.358779
323,34665,CAN,CPI,ENRG,AGRWTH,M,Dec-88,-3.664122
324,34666,CAN,CPI,ENRG,AGRWTH,M,Jan-89,-2.900763
325,34667,CAN,CPI,ENRG,AGRWTH,M,Feb-89,-0.9287926
326,34668,CAN,CPI,ENRG,AGRWTH,M,Mar-89,0.4680187
327,34669,CAN,CPI,ENRG,AGRWTH,M,Apr-89,0.308642
328,34670,CAN,CPI,ENRG,AGRWTH,M,May-89,3.211009
329,34671,CAN,CPI,ENRG,AGRWTH,M,Jun-89,4.141104
330,34672,CAN,CPI,ENRG,AGRWTH,M,Jul-89,4.287902
331,34673,CAN,CPI,ENRG,AGRWTH,M,Aug-89,6.074766
332,34674,CAN,CPI,ENRG,AGRWTH,M,Sep-89,5.754277
333,34675,CAN,CPI,ENRG,AGRWTH,M,Oct-89,6.103286
334,34676,CAN,CPI,ENRG,AGRWTH,M,Nov-89,7.582938
335,34677,CAN,CPI,ENRG,AGRWTH,M,Dec-89,7.448494
336,34678,CAN,CPI,ENRG,AGRWTH,M,Jan-90,9.119497
337,34679,CAN,CPI,ENRG,AGRWTH,M,Feb-90,9.6875
338,34680,CAN,CPI,ENRG,AGRWTH,M,Mar-90,9.937888
339,34681,CAN,CPI,ENRG,AGRWTH,M,Apr-90,9.846154
340,34682,CAN,CPI,ENRG,AGRWTH,M,May-90,6.962963
341,34683,CAN,CPI,ENRG,AGRWTH,M,Jun-90,6.921944
342,34684,CAN,CPI,ENRG,AGRWTH,M,Jul-90,6.314244
343,34685,CAN,CPI,ENRG,AGRWTH,M,Aug-90,6.60793
344,34686,CAN,CPI,ENRG,AGRWTH,M,Sep-90,7.941176
345,34687,CAN,CPI,ENRG,AGRWTH,M,Oct-90,13.12684
346,34688,CAN,CPI,ENRG,AGRWTH,M,Nov-90,16.4464
347,34689,CAN,CPI,ENRG,AGRWTH,M,Dec-90,16.81416
348,34690,CAN,CPI,ENRG,AGRWTH,M,Jan-91,19.02017
349,34691,CAN,CPI,ENRG,AGRWTH,M,Feb-91,10.96866
350,34692,CAN,CPI,ENRG,AGRWTH,M,Mar-91,6.497175
351,34693,CAN,CPI,ENRG,AGRWTH,M,Apr-91,3.781512
352,34694,CAN,CPI,ENRG,AGRWTH,M,May-91,5.67867
353,34695,CAN,CPI,ENRG,AGRWTH,M,Jun-91,5.371901
354,34696,CAN,CPI,ENRG,AGRWTH,M,Jul-91,7.044199
355,34697,CAN,CPI,ENRG,AGRWTH,M,Aug-91,6.473829
356,34698,CAN,CPI,ENRG,AGRWTH,M,Sep-91,5.99455
357,34699,CAN,CPI,ENRG,AGRWTH,M,Oct-91,-0.5215124
358,34700,CAN,CPI,ENRG,AGRWTH,M,Nov-91,-3.783102
359,34701,CAN,CPI,ENRG,AGRWTH,M,Dec-91,-4.79798
360,34702,CAN,CPI,ENRG,AGRWTH,M,Jan-92,-6.053269
361,34703,CAN,CPI,ENRG,AGRWTH,M,Feb-92,-2.952503
362,34704,CAN,CPI,ENRG,AGRWTH,M,Mar-92,-0.397878
363,34705,CAN,CPI,ENRG,AGRWTH,M,Apr-92,1.48448
364,34706,CAN,CPI,ENRG,AGRWTH,M,May-92,0.0
365,34707,CAN,CPI,ENRG,AGRWTH,M,Jun-92,1.30719
366,34708,CAN,CPI,ENRG,AGRWTH,M,Jul-92,1.935484
367,34709,CAN,CPI,ENRG,AGRWTH,M,Aug-92,1.034929
368,34710,CAN,CPI,ENRG,AGRWTH,M,Sep-92,-0.2570694
369,34711,CAN,CPI,ENRG,AGRWTH,M,Oct-92,1.572739
370,34712,CAN,CPI,ENRG,AGRWTH,M,Nov-92,2.621232
371,34713,CAN,CPI,ENRG,AGRWTH,M,Dec-92,3.713528
372,34714,CAN,CPI,ENRG,AGRWTH,M,Jan-93,1.28866
373,34715,CAN,CPI,ENRG,AGRWTH,M,Feb-93,3.439153
374,34716,CAN,CPI,ENRG,AGRWTH,M,Mar-93,3.328895
375,34717,CAN,CPI,ENRG,AGRWTH,M,Apr-93,3.324468
376,34718,CAN,CPI,ENRG,AGRWTH,M,May-93,2.49017
377,34719,CAN,CPI,ENRG,AGRWTH,M,Jun-93,1.806452
378,34720,CAN,CPI,ENRG,AGRWTH,M,Jul-93,-0.5063291
379,34721,CAN,CPI,ENRG,AGRWTH,M,Aug-93,0.0
380,34722,CAN,CPI,ENRG,AGRWTH,M,Sep-93,1.030928
381,34723,CAN,CPI,ENRG,AGRWTH,M,Oct-93,0.6451613
382,34724,CAN,CPI,ENRG,AGRWTH,M,Nov-93,-0.3831418
383,34725,CAN,CPI,ENRG,AGRWTH,M,Dec-93,-1.40665
384,34726,CAN,CPI,ENRG,AGRWTH,M,Jan-94,-2.798982
385,34727,CAN,CPI,ENRG,AGRWTH,M,Feb-94,-1.150895
386,34728,CAN,CPI,ENRG,AGRWTH,M,Mar-94,-0.128866
387,34729,CAN,CPI,ENRG,AGRWTH,M,Apr-94,-0.3861004
388,34730,CAN,CPI,ENRG,AGRWTH,M,May-94,-0.1278772
389,34731,CAN,CPI,ENRG,AGRWTH,M,Jun-94,0.3802281
390,34732,CAN,CPI,ENRG,AGRWTH,M,Jul-94,1.653944
391,34733,CAN,CPI,ENRG,AGRWTH,M,Aug-94,3.201024
392,34734,CAN,CPI,ENRG,AGRWTH,M,Sep-94,1.785714
393,34735,CAN,CPI,ENRG,AGRWTH,M,Oct-94,0.2564103
394,34736,CAN,CPI,ENRG,AGRWTH,M,Nov-94,1.923077
395,34737,CAN,CPI,ENRG,AGRWTH,M,Dec-94,2.204929
396,34738,CAN,CPI,ENRG,AGRWTH,M,Jan-95,2.748691
397,34739,CAN,CPI,ENRG,AGRWTH,M,Feb-95,1.811126
398,34740,CAN,CPI,ENRG,AGRWTH,M,Mar-95,2.193548
399,34741,CAN,CPI,ENRG,AGRWTH,M,Apr-95,2.713178
400,34742,CAN,CPI,ENRG,AGRWTH,M,May-95,4.097311
401,34743,CAN,CPI,ENRG,AGRWTH,M,Jun-95,2.525253
402,34744,CAN,CPI,ENRG,AGRWTH,M,Jul-95,0.8760951
403,34745,CAN,CPI,ENRG,AGRWTH,M,Aug-95,-1.364764
404,34746,CAN,CPI,ENRG,AGRWTH,M,Sep-95,-0.1253133
405,34747,CAN,CPI,ENRG,AGRWTH,M,Oct-95,0.7672634
406,34748,CAN,CPI,ENRG,AGRWTH,M,Nov-95,-1.257862
407,34749,CAN,CPI,ENRG,AGRWTH,M,Dec-95,0.8883249
408,34750,CAN,CPI,ENRG,AGRWTH,M,Jan-96,1.273885
409,34751,CAN,CPI,ENRG,AGRWTH,M,Feb-96,0.7623888
410,34752,CAN,CPI,ENRG,AGRWTH,M,Mar-96,1.767677
411,34753,CAN,CPI,ENRG,AGRWTH,M,Apr-96,2.767296
412,34754,CAN,CPI,ENRG,AGRWTH,M,May-96,3.690037
413,34755,CAN,CPI,ENRG,AGRWTH,M,Jun-96,2.339901
414,34756,CAN,CPI,ENRG,AGRWTH,M,Jul-96,0.4962779
415,34757,CAN,CPI,ENRG,AGRWTH,M,Aug-96,2.012579
416,34758,CAN,CPI,ENRG,AGRWTH,M,Sep-96,2.50941
417,34759,CAN,CPI,ENRG,AGRWTH,M,Oct-96,5.837564
418,34760,CAN,CPI,ENRG,AGRWTH,M,Nov-96,6.11465
419,34761,CAN,CPI,ENRG,AGRWTH,M,Dec-96,5.408805
420,34762,CAN,CPI,ENRG,AGRWTH,M,Jan-97,6.163522
421,34763,CAN,CPI,ENRG,AGRWTH,M,Feb-97,7.06179
422,34764,CAN,CPI,ENRG,AGRWTH,M,Mar-97,4.83871
423,34765,CAN,CPI,ENRG,AGRWTH,M,Apr-97,1.713586
424,34766,CAN,CPI,ENRG,AGRWTH,M,May-97,-1.304864
425,34767,CAN,CPI,ENRG,AGRWTH,M,Jun-97,0.6016847
426,34768,CAN,CPI,ENRG,AGRWTH,M,Jul-97,2.345679
427,34769,CAN,CPI,ENRG,AGRWTH,M,Aug-97,4.31566
428,34770,CAN,CPI,ENRG,AGRWTH,M,Sep-97,3.916769
429,34771,CAN,CPI,ENRG,AGRWTH,M,Oct-97,0.9592326
430,34772,CAN,CPI,ENRG,AGRWTH,M,Nov-97,-0.120048
431,34773,CAN,CPI,ENRG,AGRWTH,M,Dec-97,-1.073986
432,34774,CAN,CPI,ENRG,AGRWTH,M,Jan-98,-2.488152
433,34775,CAN,CPI,ENRG,AGRWTH,M,Feb-98,-4.829211
434,34776,CAN,CPI,ENRG,AGRWTH,M,Mar-98,-5.443787
435,34777,CAN,CPI,ENRG,AGRWTH,M,Apr-98,-3.730445
436,34778,CAN,CPI,ENRG,AGRWTH,M,May-98,-2.403846
437,34779,CAN,CPI,ENRG,AGRWTH,M,Jun-98,-2.990431
438,34780,CAN,CPI,ENRG,AGRWTH,M,Jul-98,-3.015682
439,34781,CAN,CPI,ENRG,AGRWTH,M,Aug-98,-5.082742
440,34782,CAN,CPI,ENRG,AGRWTH,M,Sep-98,-6.831566
441,34783,CAN,CPI,ENRG,AGRWTH,M,Oct-98,-4.038005
442,34784,CAN,CPI,ENRG,AGRWTH,M,Nov-98,-3.485577
443,34785,CAN,CPI,ENRG,AGRWTH,M,Dec-98,-4.221954
444,34786,CAN,CPI,ENRG,AGRWTH,M,Jan-99,-3.402187
445,34787,CAN,CPI,ENRG,AGRWTH,M,Feb-99,-2.351485
446,34788,CAN,CPI,ENRG,AGRWTH,M,Mar-99,0.1251564
447,34789,CAN,CPI,ENRG,AGRWTH,M,Apr-99,3.75
448,34790,CAN,CPI,ENRG,AGRWTH,M,May-99,2.955665
449,34791,CAN,CPI,ENRG,AGRWTH,M,Jun-99,2.342787
450,34792,CAN,CPI,ENRG,AGRWTH,M,Jul-99,5.472637
451,34793,CAN,CPI,ENRG,AGRWTH,M,Aug-99,9.339975
452,34794,CAN,CPI,ENRG,AGRWTH,M,Sep-99,12.5158
453,34795,CAN,CPI,ENRG,AGRWTH,M,Oct-99,11.5099
454,34796,CAN,CPI,ENRG,AGRWTH,M,Nov-99,11.20797
455,34797,CAN,CPI,ENRG,AGRWTH,M,Dec-99,14.98741
456,34798,CAN,CPI,ENRG,AGRWTH,M,Jan-00,15.09434
457,34799,CAN,CPI,ENRG,AGRWTH,M,Feb-00,19.39164
458,34800,CAN,CPI,ENRG,AGRWTH,M,Mar-00,22.375
459,34801,CAN,CPI,ENRG,AGRWTH,M,Apr-00,13.61446
460,34802,CAN,CPI,ENRG,AGRWTH,M,May-00,14.11483
461,34803,CAN,CPI,ENRG,AGRWTH,M,Jun-00,19.39759
462,34804,CAN,CPI,ENRG,AGRWTH,M,Jul-00,17.8066
463,34805,CAN,CPI,ENRG,AGRWTH,M,Aug-00,11.8451
464,34806,CAN,CPI,ENRG,AGRWTH,M,Sep-00,15.16854
465,34807,CAN,CPI,ENRG,AGRWTH,M,Oct-00,15.20533
466,34808,CAN,CPI,ENRG,AGRWTH,M,Nov-00,18.02912
467,34809,CAN,CPI,ENRG,AGRWTH,M,Dec-00,13.5816
468,34810,CAN,CPI,ENRG,AGRWTH,M,Jan-01,10.38251
469,34811,CAN,CPI,ENRG,AGRWTH,M,Feb-01,6.369427
470,34812,CAN,CPI,ENRG,AGRWTH,M,Mar-01,3.677222
471,34813,CAN,CPI,ENRG,AGRWTH,M,Apr-01,11.55886
472,34814,CAN,CPI,ENRG,AGRWTH,M,May-01,16.03773
473,34815,CAN,CPI,ENRG,AGRWTH,M,Jun-01,10.29263
474,34816,CAN,CPI,ENRG,AGRWTH,M,Jul-01,2.802803
475,34817,CAN,CPI,ENRG,AGRWTH,M,Aug-01,4.786151
476,34818,CAN,CPI,ENRG,AGRWTH,M,Sep-01,3.121951
477,34819,CAN,CPI,ENRG,AGRWTH,M,Oct-01,-2.697495
478,34820,CAN,CPI,ENRG,AGRWTH,M,Nov-01,-12.52372
479,34821,CAN,CPI,ENRG,AGRWTH,M,Dec-01,-11.37898
480,34822,CAN,CPI,ENRG,AGRWTH,M,Jan-02,-6.930693
481,34823,CAN,CPI,ENRG,AGRWTH,M,Feb-02,-5.788423
482,34824,CAN,CPI,ENRG,AGRWTH,M,Mar-02,-3.349754
483,34825,CAN,CPI,ENRG,AGRWTH,M,Apr-02,-5.038023
484,34826,CAN,CPI,ENRG,AGRWTH,M,May-02,-10.47877
485,34827,CAN,CPI,ENRG,AGRWTH,M,Jun-02,-10.33852
486,34828,CAN,CPI,ENRG,AGRWTH,M,Jul-02,-3.115871
487,34829,CAN,CPI,ENRG,AGRWTH,M,Aug-02,0.0
488,34830,CAN,CPI,ENRG,AGRWTH,M,Sep-02,-1.702933
489,34831,CAN,CPI,ENRG,AGRWTH,M,Oct-02,5.742574
490,34832,CAN,CPI,ENRG,AGRWTH,M,Nov-02,13.99132
491,34833,CAN,CPI,ENRG,AGRWTH,M,Dec-02,7.072906
492,34834,CAN,CPI,ENRG,AGRWTH,M,Jan-03,15.21277
493,34835,CAN,CPI,ENRG,AGRWTH,M,Feb-03,19.70339
494,34836,CAN,CPI,ENRG,AGRWTH,M,Mar-03,17.53313
495,34837,CAN,CPI,ENRG,AGRWTH,M,Apr-03,6.106106
496,34838,CAN,CPI,ENRG,AGRWTH,M,May-03,4.641776
497,34839,CAN,CPI,ENRG,AGRWTH,M,Jun-03,7.857143
498,34840,CAN,CPI,ENRG,AGRWTH,M,Jul-03,6.733668
499,34841,CAN,CPI,ENRG,AGRWTH,M,Aug-03,7.580175
500,34842,CAN,CPI,ENRG,AGRWTH,M,Sep-03,6.448508
501,34843,CAN,CPI,ENRG,AGRWTH,M,Oct-03,-1.029963
502,34844,CAN,CPI,ENRG,AGRWTH,M,Nov-03,-0.6660324
503,34845,CAN,CPI,ENRG,AGRWTH,M,Dec-03,6.808943
504,34846,CAN,CPI,ENRG,AGRWTH,M,Jan-04,-1.108033
505,34847,CAN,CPI,ENRG,AGRWTH,M,Feb-04,-3.097345
506,34848,CAN,CPI,ENRG,AGRWTH,M,Mar-04,-4.076323
507,34849,CAN,CPI,ENRG,AGRWTH,M,Apr-04,6.415094
508,34850,CAN,CPI,ENRG,AGRWTH,M,May-04,16.20058
509,34851,CAN,CPI,ENRG,AGRWTH,M,Jun-04,12.96121
510,34852,CAN,CPI,ENRG,AGRWTH,M,Jul-04,10.6403
511,34853,CAN,CPI,ENRG,AGRWTH,M,Aug-04,6.233062
512,34854,CAN,CPI,ENRG,AGRWTH,M,Sep-04,5.786618
513,34855,CAN,CPI,ENRG,AGRWTH,M,Oct-04,13.05582
514,34856,CAN,CPI,ENRG,AGRWTH,M,Nov-04,12.16475
515,34857,CAN,CPI,ENRG,AGRWTH,M,Dec-04,8.087536
516,34858,CAN,CPI,ENRG,AGRWTH,M,Jan-05,7.376284
517,34859,CAN,CPI,ENRG,AGRWTH,M,Feb-05,7.305936
518,34860,CAN,CPI,ENRG,AGRWTH,M,Mar-05,9.403255
519,34861,CAN,CPI,ENRG,AGRWTH,M,Apr-05,10.72695
520,34862,CAN,CPI,ENRG,AGRWTH,M,May-05,1.659751
521,34863,CAN,CPI,ENRG,AGRWTH,M,Jun-05,3.936348
522,34864,CAN,CPI,ENRG,AGRWTH,M,Jul-05,9.191489
523,34865,CAN,CPI,ENRG,AGRWTH,M,Aug-05,12.41497
524,34866,CAN,CPI,ENRG,AGRWTH,M,Sep-05,21.45299
525,34867,CAN,CPI,ENRG,AGRWTH,M,Oct-05,13.4728
526,34868,CAN,CPI,ENRG,AGRWTH,M,Nov-05,8.795901
527,34869,CAN,CPI,ENRG,AGRWTH,M,Dec-05,10.21127
528,34870,CAN,CPI,ENRG,AGRWTH,M,Jan-06,15.3913
529,34871,CAN,CPI,ENRG,AGRWTH,M,Feb-06,8.170213
530,34872,CAN,CPI,ENRG,AGRWTH,M,Mar-06,7.438016
531,34873,CAN,CPI,ENRG,AGRWTH,M,Apr-06,11.20897
532,34874,CAN,CPI,ENRG,AGRWTH,M,May-06,14.12245
533,34875,CAN,CPI,ENRG,AGRWTH,M,Jun-06,11.52297
534,34876,CAN,CPI,ENRG,AGRWTH,M,Jul-06,10.6781
535,34877,CAN,CPI,ENRG,AGRWTH,M,Aug-06,7.186082
536,34878,CAN,CPI,ENRG,AGRWTH,M,Sep-06,-9.359606
537,34879,CAN,CPI,ENRG,AGRWTH,M,Oct-06,-8.702065
538,34880,CAN,CPI,ENRG,AGRWTH,M,Nov-06,-2.825746
539,34881,CAN,CPI,ENRG,AGRWTH,M,Dec-06,1.517572
540,34882,CAN,CPI,ENRG,AGRWTH,M,Jan-07,-5.651846
541,34883,CAN,CPI,ENRG,AGRWTH,M,Feb-07,0.0
542,34884,CAN,CPI,ENRG,AGRWTH,M,Mar-07,4.538462
543,34885,CAN,CPI,ENRG,AGRWTH,M,Apr-07,0.1439885
544,34886,CAN,CPI,ENRG,AGRWTH,M,May-07,1.573677
545,34887,CAN,CPI,ENRG,AGRWTH,M,Jun-07,1.228324
546,34888,CAN,CPI,ENRG,AGRWTH,M,Jul-07,-1.690141
547,34889,CAN,CPI,ENRG,AGRWTH,M,Aug-07,-3.740296
548,34890,CAN,CPI,ENRG,AGRWTH,M,Sep-07,6.055901
549,34891,CAN,CPI,ENRG,AGRWTH,M,Oct-07,8.642973
550,34892,CAN,CPI,ENRG,AGRWTH,M,Nov-07,10.25848
551,34893,CAN,CPI,ENRG,AGRWTH,M,Dec-07,8.733281
552,34894,CAN,CPI,ENRG,AGRWTH,M,Jan-08,11.02236
553,34895,CAN,CPI,ENRG,AGRWTH,M,Feb-08,9.67742
554,34896,CAN,CPI,ENRG,AGRWTH,M,Mar-08,5.371597
555,34897,CAN,CPI,ENRG,AGRWTH,M,Apr-08,7.979871
556,34898,CAN,CPI,ENRG,AGRWTH,M,May-08,11.5493
557,34899,CAN,CPI,ENRG,AGRWTH,M,Jun-08,17.98715
558,34900,CAN,CPI,ENRG,AGRWTH,M,Jul-08,21.13181
559,34901,CAN,CPI,ENRG,AGRWTH,M,Aug-08,20.2346
560,34902,CAN,CPI,ENRG,AGRWTH,M,Sep-08,18.2284
561,34903,CAN,CPI,ENRG,AGRWTH,M,Oct-08,9.665427
562,34904,CAN,CPI,ENRG,AGRWTH,M,Nov-08,-4.249084
563,34905,CAN,CPI,ENRG,AGRWTH,M,Dec-08,-10.99855
564,34906,CAN,CPI,ENRG,AGRWTH,M,Jan-09,-10.93525
565,34907,CAN,CPI,ENRG,AGRWTH,M,Feb-09,-8.751794
566,34908,CAN,CPI,ENRG,AGRWTH,M,Mar-09,-11.24302
567,34909,CAN,CPI,ENRG,AGRWTH,M,Apr-09,-17.50999
568,34910,CAN,CPI,ENRG,AGRWTH,M,May-09,-18.30808
569,34911,CAN,CPI,ENRG,AGRWTH,M,Jun-09,-18.99577
570,34912,CAN,CPI,ENRG,AGRWTH,M,Jul-09,-23.35896
571,34913,CAN,CPI,ENRG,AGRWTH,M,Aug-09,-19.14634
572,34914,CAN,CPI,ENRG,AGRWTH,M,Sep-09,-18.69969
573,34915,CAN,CPI,ENRG,AGRWTH,M,Oct-09,-12.67797
574,34916,CAN,CPI,ENRG,AGRWTH,M,Nov-09,1.300689
575,34917,CAN,CPI,ENRG,AGRWTH,M,Dec-09,5.934959
576,34918,CAN,CPI,ENRG,AGRWTH,M,Jan-10,8.158319
577,34919,CAN,CPI,ENRG,AGRWTH,M,Feb-10,4.009434
578,34920,CAN,CPI,ENRG,AGRWTH,M,Mar-10,5.822187
579,34921,CAN,CPI,ENRG,AGRWTH,M,Apr-10,9.765941
580,34922,CAN,CPI,ENRG,AGRWTH,M,May-10,6.18238
581,34923,CAN,CPI,ENRG,AGRWTH,M,Jun-10,1.344287
582,34924,CAN,CPI,ENRG,AGRWTH,M,Jul-10,7.87037
583,34925,CAN,CPI,ENRG,AGRWTH,M,Aug-10,4.977376
584,34926,CAN,CPI,ENRG,AGRWTH,M,Sep-10,5.635948
585,34927,CAN,CPI,ENRG,AGRWTH,M,Oct-10,9.083851
586,34928,CAN,CPI,ENRG,AGRWTH,M,Nov-10,6.722054
587,34929,CAN,CPI,ENRG,AGRWTH,M,Dec-10,10.5142
588,34930,CAN,CPI,ENRG,AGRWTH,M,Jan-11,9.036594
589,34931,CAN,CPI,ENRG,AGRWTH,M,Feb-11,10.58201
590,34932,CAN,CPI,ENRG,AGRWTH,M,Mar-11,12.7881
591,34933,CAN,CPI,ENRG,AGRWTH,M,Apr-11,17.05882
592,34934,CAN,CPI,ENRG,AGRWTH,M,May-11,16.59389
593,34935,CAN,CPI,ENRG,AGRWTH,M,Jun-11,15.69639
594,34936,CAN,CPI,ENRG,AGRWTH,M,Jul-11,12.94707
595,34937,CAN,CPI,ENRG,AGRWTH,M,Aug-11,13.43391
596,34938,CAN,CPI,ENRG,AGRWTH,M,Sep-11,12.47296
597,34939,CAN,CPI,ENRG,AGRWTH,M,Oct-11,11.6726
598,34940,CAN,CPI,ENRG,AGRWTH,M,Nov-11,9.058741
599,34941,CAN,CPI,ENRG,AGRWTH,M,Dec-11,6.041667
600,34942,CAN,CPI,ENRG,AGRWTH,M,Jan-12,6.506849
601,34943,CAN,CPI,ENRG,AGRWTH,M,Feb-12,7.245386
602,34944,CAN,CPI,ENRG,AGRWTH,M,Mar-12,5.141727
603,34945,CAN,CPI,ENRG,AGRWTH,M,Apr-12,1.130653
604,34946,CAN,CPI,ENRG,AGRWTH,M,May-12,-1.560549
605,34947,CAN,CPI,ENRG,AGRWTH,M,Jun-12,-0.8280255
606,34948,CAN,CPI,ENRG,AGRWTH,M,Jul-12,-1.203293
607,34949,CAN,CPI,ENRG,AGRWTH,M,Aug-12,0.8233059
608,34950,CAN,CPI,ENRG,AGRWTH,M,Sep-12,2.948718
609,34951,CAN,CPI,ENRG,AGRWTH,M,Oct-12,1.657106
610,34952,CAN,CPI,ENRG,AGRWTH,M,Nov-12,-0.1946788
611,34953,CAN,CPI,ENRG,AGRWTH,M,Dec-12,-0.5239031
612,34954,CAN,CPI,ENRG,AGRWTH,M,Jan-13,-1.736334
613,34955,CAN,CPI,ENRG,AGRWTH,M,Feb-13,2.039516
614,34956,CAN,CPI,ENRG,AGRWTH,M,Mar-13,0.2507837
615,34957,CAN,CPI,ENRG,AGRWTH,M,Apr-13,-1.863354
616,34958,CAN,CPI,ENRG,AGRWTH,M,May-13,1.014585
617,34959,CAN,CPI,ENRG,AGRWTH,M,Jun-13,4.110469
618,34960,CAN,CPI,ENRG,AGRWTH,M,Jul-13,5.25641
619,34961,CAN,CPI,ENRG,AGRWTH,M,Aug-13,2.386935
620,34962,CAN,CPI,ENRG,AGRWTH,M,Sep-13,1.494396
621,34963,CAN,CPI,ENRG,AGRWTH,M,Oct-13,-1.567398
622,34964,CAN,CPI,ENRG,AGRWTH,M,Nov-13,2.340702
623,34965,CAN,CPI,ENRG,AGRWTH,M,Dec-13,4.608295
624,34966,CAN,CPI,ENRG,AGRWTH,M,Jan-14,4.842932
625,34967,CAN,CPI,ENRG,AGRWTH,M,Feb-14,1.561524
626,34968,CAN,CPI,ENRG,AGRWTH,M,Mar-14,4.565353
627,34969,CAN,CPI,ENRG,AGRWTH,M,Apr-14,8.35443
628,34970,CAN,CPI,ENRG,AGRWTH,M,May-14,8.411801
629,34971,CAN,CPI,ENRG,AGRWTH,M,Jun-14,6.724244
630,34972,CAN,CPI,ENRG,AGRWTH,M,Jul-14,4.689403
631,34973,CAN,CPI,ENRG,AGRWTH,M,Aug-14,3.251534
632,34974,CAN,CPI,ENRG,AGRWTH,M,Sep-14,2.699387
633,34975,CAN,CPI,ENRG,AGRWTH,M,Oct-14,4.203822
634,34976,CAN,CPI,ENRG,AGRWTH,M,Nov-14,-0.5717916
635,34977,CAN,CPI,ENRG,AGRWTH,M,Dec-14,-6.419132
636,34978,CAN,CPI,ENRG,AGRWTH,M,Jan-15,-12.92135
637,34979,CAN,CPI,ENRG,AGRWTH,M,Feb-15,-10.76261
638,34980,CAN,CPI,ENRG,AGRWTH,M,Mar-15,-10.4067
639,34981,CAN,CPI,ENRG,AGRWTH,M,Apr-15,-13.49299
640,34982,CAN,CPI,ENRG,AGRWTH,M,May-15,-11.75449
641,34983,CAN,CPI,ENRG,AGRWTH,M,Jun-15,-8.959538
642,34984,CAN,CPI,ENRG,AGRWTH,M,Jul-15,-7.388016
643,34985,CAN,CPI,ENRG,AGRWTH,M,Aug-15,-7.24896
644,34986,CAN,CPI,ENRG,AGRWTH,M,Sep-15,-10.81243
645,34987,CAN,CPI,ENRG,AGRWTH,M,Oct-15,-10.3912
646,34988,CAN,CPI,ENRG,AGRWTH,M,Nov-15,-6.389776
647,34989,CAN,CPI,ENRG,AGRWTH,M,Dec-15,-3.564223
648,34990,CAN,CPI,ENRG,AGRWTH,M,Jan-16,-0.3584229
649,34991,CAN,CPI,ENRG,AGRWTH,M,Feb-16,-7.236389
650,34992,CAN,CPI,ENRG,AGRWTH,M,Mar-16,-7.810414
651,34993,CAN,CPI,ENRG,AGRWTH,M,Apr-16,-3.173531
652,34994,CAN,CPI,ENRG,AGRWTH,M,May-16,-3.608924
653,34995,CAN,CPI,ENRG,AGRWTH,M,Jun-16,-4.380952
654,34996,CAN,CPI,ENRG,AGRWTH,M,Jul-16,-7.41206
655,34997,CAN,CPI,ENRG,AGRWTH,M,Aug-16,-5.829597
656,34998,CAN,CPI,ENRG,AGRWTH,M,Sep-16,-1.339585
657,34999,CAN,CPI,ENRG,AGRWTH,M,Oct-16,2.455662
658,35000,CAN,CPI,ENRG,AGRWTH,M,Nov-16,0.2047781
659,35001,CAN,CPI,ENRG,AGRWTH,M,Dec-16,3.974895
660,35002,CAN,CPI,ENRG,AGRWTH,M,Jan-17,12.08633
661,35003,CAN,CPI,ENRG,AGRWTH,M,Feb-17,12.25854
662,35004,CAN,CPI,ENRG,AGRWTH,M,Mar-17,8.472121
663,35005,CAN,CPI,ENRG,AGRWTH,M,Apr-17,9.623431
664,35006,CAN,CPI,ENRG,AGRWTH,M,May-17,3.335603
665,35007,CAN,CPI,ENRG,AGRWTH,M,Jun-17,-1.26162
666,35008,CAN,CPI,ENRG,AGRWTH,M,Jul-17,0.2713704
667,35009,CAN,CPI,ENRG,AGRWTH,M,Aug-17,2.312925
668,35010,CAN,CPI,ENRG,AGRWTH,M,Sep-17,4.887984
669,35011,CAN,CPI,ENRG,AGRWTH,M,Oct-17,0.9986684
670,35012,CAN,CPI,ENRG,AGRWTH,M,Nov-17,7.561308
671,35013,CAN,CPI,ENRG,AGRWTH,M,Dec-17,4.493629
672,35014,CAN,CPI,ENRG,AGRWTH,M,Jan-18,2.37484
673,35015,CAN,CPI,ENRG,AGRWTH,M,Feb-18,5.294507
674,35016,CAN,CPI,ENRG,AGRWTH,M,Mar-18,7.476635
675,35017,CAN,CPI,ENRG,AGRWTH,M,Apr-18,6.29771
676,35018,CAN,CPI,ENRG,AGRWTH,M,May-18,11.5942
677,35019,CAN,CPI,ENRG,AGRWTH,M,Jun-18,12.44116
678,35020,CAN,CPI,ENRG,AGRWTH,M,Jul-18,14.20839
679,35021,CAN,CPI,ENRG,AGRWTH,M,Aug-18,11.17021
680,35022,CAN,CPI,ENRG,AGRWTH,M,Sep-18,7.63754
681,35023,CAN,CPI,ENRG,AGRWTH,M,Oct-18,7.910349
682,35024,CAN,CPI,ENRG,AGRWTH,M,Nov-18,-1.329956
683,35025,CAN,CPI,ENRG,AGRWTH,M,Dec-18,-3.658537
684,35026,CAN,CPI,ENRG,AGRWTH,M,Jan-19,-6.896552
685,35027,CAN,CPI,ENRG,AGRWTH,M,Feb-19,-5.65682
686,35028,CAN,CPI,ENRG,AGRWTH,M,Mar-19,-1.180124
687,35029,CAN,CPI,ENRG,AGRWTH,M,Apr-19,0.6582885
688,35030,CAN,CPI,ENRG,AGRWTH,M,May-19,-0.1180638
689,35031,CAN,CPI,ENRG,AGRWTH,M,Jun-19,-4.126794
690,35032,CAN,CPI,ENRG,AGRWTH,M,Jul-19,-3.199052
691,35033,CAN,CPI,ENRG,AGRWTH,M,Aug-19,-4.72488
692,35034,CAN,CPI,ENRG,AGRWTH,M,Sep-19,-4.570054
693,35035,CAN,CPI,ENRG,AGRWTH,M,Oct-19,-2.932193
694,35036,CAN,CPI,ENRG,AGRWTH,M,Nov-19,1.476252
695,35037,CAN,CPI,ENRG,AGRWTH,M,Dec-19,5.463025
696,35038,CAN,CPI,ENRG,AGRWTH,M,Jan-20,6.801347
697,35039,CAN,CPI,ENRG,AGRWTH,M,Feb-20,4.330446
698,35040,CAN,CPI,ENRG,AGRWTH,M,Mar-20,-11.62791
699,35041,CAN,CPI,ENRG,AGRWTH,M,Apr-20,-23.72176
700,35042,CAN,CPI,ENRG,AGRWTH,M,May-20,-19.03073
701,35043,CAN,CPI,ENRG,AGRWTH,M,Jun-20,-8.796007
702,35044,CAN,CPI,ENRG,AGRWTH,M,Jul-20,-8.384333
703,35045,CAN,CPI,ENRG,AGRWTH,M,Aug-20,-6.277464
704,35046,CAN,CPI,ENRG,AGRWTH,M,Sep-20,-5.608066
705,35047,CAN,CPI,ENRG,AGRWTH,M,Oct-20,-5.978603
706,35048,CAN,CPI,ENRG,AGRWTH,M,Nov-20,-5.6926
707,35049,CAN,CPI,ENRG,AGRWTH,M,Dec-20,-3.979785
708,35050,CAN,CPI,ENRG,AGRWTH,M,Jan-21,-2.711223
709,35051,CAN,CPI,ENRG,AGRWTH,M,Feb-21,2.426564
710,35052,CAN,CPI,ENRG,AGRWTH,M,Mar-21,19.06117
711,35053,CAN,CPI,ENRG,AGRWTH,M,Apr-21,32.65783
712,35054,CAN,CPI,ENRG,AGRWTH,M,May-21,26.42336
713,35055,CAN,CPI,ENRG,AGRWTH,M,Jun-21,19.49384
714,35056,CAN,CPI,ENRG,AGRWTH,M,Jul-21,19.70608
715,35057,CAN,CPI,ENRG,AGRWTH,M,Aug-21,20.69658
716,35058,CAN,CPI,ENRG,AGRWTH,M,Sep-21,20.09346
717,35059,CAN,CPI,ENRG,AGRWTH,M,Oct-21,25.50201
718,35060,CAN,CPI,ENRG,AGRWTH,M,Nov-21,26.35815
719,35061,CAN,CPI,ENRG,AGRWTH,M,Dec-21,21.18421
720,35062,CAN,CPI,ENRG,AGRWTH,M,Jan-22,23.13675
721,35063,CAN,CPI,ENRG,AGRWTH,M,Feb-22,24.06484
722,35064,CAN,CPI,ENRG,AGRWTH,M,Mar-22,27.77778
723,35065,CAN,CPI,ENRG,AGRWTH,M,Apr-22,26.38073
724,35066,CAN,CPI,ENRG,AGRWTH,M,May-22,34.75751
725,35067,CAN,CPI,ENRG,AGRWTH,M,Jun-22,38.80939
726,35068,CAN,CPI,ENRG,AGRWTH,M,Jul-22,28.01339
727,35069,CAN,CPI,ENRG,AGRWTH,M,Aug-22,19.03441
728,35070,CAN,CPI,ENRG,AGRWTH,M,Sep-22,14.00778
729,35071,CAN,CPI,ENRG,AGRWTH,M,Oct-22,16.21333
730,35072,CAN,CPI,ENRG,AGRWTH,M,Nov-22,13.90658
731,35073,CAN,CPI,ENRG,AGRWTH,M,Dec-22,7.32899
732,194293,CAN,CPI,ENRG,IDX2015,M,Jan-61,7.694452
733,194294,CAN,CPI,ENRG,IDX2015,M,Feb-61,7.694452
734,194295,CAN,CPI,ENRG,IDX2015,M,Mar-61,7.694452
735,194296,CAN,CPI,ENRG,IDX2015,M,Apr-61,7.694452
736,194297,CAN,CPI,ENRG,IDX2015,M,May-61,7.627544
737,194298,CAN,CPI,ENRG,IDX2015,M,Jun-61,7.560636
738,194299,CAN,CPI,ENRG,IDX2015,M,Jul-61,7.627544
739,194300,CAN,CPI,ENRG,IDX2015,M,Aug-61,7.694452
740,194301,CAN,CPI,ENRG,IDX2015,M,Sep-61,7.694452
741,194302,CAN,CPI,ENRG,IDX2015,M,Oct-61,7.694452
742,194303,CAN,CPI,ENRG,IDX2015,M,Nov-61,7.694452
743,194304,CAN,CPI,ENRG,IDX2015,M,Dec-61,7.560636
744,194305,CAN,CPI,ENRG,IDX2015,M,Jan-62,7.694452
745,194306,CAN,CPI,ENRG,IDX2015,M,Feb-62,7.694452
746,194307,CAN,CPI,ENRG,IDX2015,M,Mar-62,7.694452
747,194308,CAN,CPI,ENRG,IDX2015,M,Apr-62,7.627544
748,194309,CAN,CPI,ENRG,IDX2015,M,May-62,7.627544
749,194310,CAN,CPI,ENRG,IDX2015,M,Jun-62,7.627544
750,194311,CAN,CPI,ENRG,IDX2015,M,Jul-62,7.627544
751,194312,CAN,CPI,ENRG,IDX2015,M,Aug-62,7.627544
752,194313,CAN,CPI,ENRG,IDX2015,M,Sep-62,7.627544
753,194314,CAN,CPI,ENRG,IDX2015,M,Oct-62,7.560636
754,194315,CAN,CPI,ENRG,IDX2015,M,Nov-62,7.560636
755,194316,CAN,CPI,ENRG,IDX2015,M,Dec-62,7.560636
756,194317,CAN,CPI,ENRG,IDX2015,M,Jan-63,7.493727
757,194318,CAN,CPI,ENRG,IDX2015,M,Feb-63,7.560636
758,194319,CAN,CPI,ENRG,IDX2015,M,Mar-63,7.493727
759,194320,CAN,CPI,ENRG,IDX2015,M,Apr-63,7.560636
760,194321,CAN,CPI,ENRG,IDX2015,M,May-63,7.560636
761,194322,CAN,CPI,ENRG,IDX2015,M,Jun-63,7.560636
762,194323,CAN,CPI,ENRG,IDX2015,M,Jul-63,7.359911
763,194324,CAN,CPI,ENRG,IDX2015,M,Aug-63,7.493727
764,194325,CAN,CPI,ENRG,IDX2015,M,Sep-63,7.493727
765,194326,CAN,CPI,ENRG,IDX2015,M,Oct-63,7.493727
766,194327,CAN,CPI,ENRG,IDX2015,M,Nov-63,7.493727
767,194328,CAN,CPI,ENRG,IDX2015,M,Dec-63,7.493727
768,194329,CAN,CPI,ENRG,IDX2015,M,Jan-64,7.493727
769,194330,CAN,CPI,ENRG,IDX2015,M,Feb-64,7.493727
770,194331,CAN,CPI,ENRG,IDX2015,M,Mar-64,7.560636
771,194332,CAN,CPI,ENRG,IDX2015,M,Apr-64,7.560636
772,194333,CAN,CPI,ENRG,IDX2015,M,May-64,7.560636
773,194334,CAN,CPI,ENRG,IDX2015,M,Jun-64,7.560636
774,194335,CAN,CPI,ENRG,IDX2015,M,Jul-64,7.560636
775,194336,CAN,CPI,ENRG,IDX2015,M,Aug-64,7.560636
776,194337,CAN,CPI,ENRG,IDX2015,M,Sep-64,7.560636
777,194338,CAN,CPI,ENRG,IDX2015,M,Oct-64,7.493727
778,194339,CAN,CPI,ENRG,IDX2015,M,Nov-64,7.493727
779,194340,CAN,CPI,ENRG,IDX2015,M,Dec-64,7.493727
780,194341,CAN,CPI,ENRG,IDX2015,M,Jan-65,7.560636
781,194342,CAN,CPI,ENRG,IDX2015,M,Feb-65,7.560636
782,194343,CAN,CPI,ENRG,IDX2015,M,Mar-65,7.493727
783,194344,CAN,CPI,ENRG,IDX2015,M,Apr-65,7.493727
784,194345,CAN,CPI,ENRG,IDX2015,M,May-65,7.560636
785,194346,CAN,CPI,ENRG,IDX2015,M,Jun-65,7.560636
786,194347,CAN,CPI,ENRG,IDX2015,M,Jul-65,7.493727
787,194348,CAN,CPI,ENRG,IDX2015,M,Aug-65,7.493727
788,194349,CAN,CPI,ENRG,IDX2015,M,Sep-65,7.560636
789,194350,CAN,CPI,ENRG,IDX2015,M,Oct-65,7.560636
790,194351,CAN,CPI,ENRG,IDX2015,M,Nov-65,7.560636
791,194352,CAN,CPI,ENRG,IDX2015,M,Dec-65,7.560636
792,194353,CAN,CPI,ENRG,IDX2015,M,Jan-66,7.560636
793,194354,CAN,CPI,ENRG,IDX2015,M,Feb-66,7.560636
794,194355,CAN,CPI,ENRG,IDX2015,M,Mar-66,7.560636
795,194356,CAN,CPI,ENRG,IDX2015,M,Apr-66,7.627544
796,194357,CAN,CPI,ENRG,IDX2015,M,May-66,7.627544
797,194358,CAN,CPI,ENRG,IDX2015,M,Jun-66,7.627544
798,194359,CAN,CPI,ENRG,IDX2015,M,Jul-66,7.627544
799,194360,CAN,CPI,ENRG,IDX2015,M,Aug-66,7.627544
800,194361,CAN,CPI,ENRG,IDX2015,M,Sep-66,7.627544
801,194362,CAN,CPI,ENRG,IDX2015,M,Oct-66,7.694452
802,194363,CAN,CPI,ENRG,IDX2015,M,Nov-66,7.694452
803,194364,CAN,CPI,ENRG,IDX2015,M,Dec-66,7.694452
804,194365,CAN,CPI,ENRG,IDX2015,M,Jan-67,7.694452
805,194366,CAN,CPI,ENRG,IDX2015,M,Feb-67,7.694452
806,194367,CAN,CPI,ENRG,IDX2015,M,Mar-67,7.761361
807,194368,CAN,CPI,ENRG,IDX2015,M,Apr-67,7.962085
808,194369,CAN,CPI,ENRG,IDX2015,M,May-67,8.028994
809,194370,CAN,CPI,ENRG,IDX2015,M,Jun-67,8.028994
810,194371,CAN,CPI,ENRG,IDX2015,M,Jul-67,8.028994
811,194372,CAN,CPI,ENRG,IDX2015,M,Aug-67,7.962085
812,194373,CAN,CPI,ENRG,IDX2015,M,Sep-67,7.962085
813,194374,CAN,CPI,ENRG,IDX2015,M,Oct-67,7.962085
814,194375,CAN,CPI,ENRG,IDX2015,M,Nov-67,7.962085
815,194376,CAN,CPI,ENRG,IDX2015,M,Dec-67,7.962085
816,194377,CAN,CPI,ENRG,IDX2015,M,Jan-68,8.028994
817,194378,CAN,CPI,ENRG,IDX2015,M,Feb-68,8.028994
818,194379,CAN,CPI,ENRG,IDX2015,M,Mar-68,8.095901
819,194380,CAN,CPI,ENRG,IDX2015,M,Apr-68,8.16281
820,194381,CAN,CPI,ENRG,IDX2015,M,May-68,8.229718
821,194382,CAN,CPI,ENRG,IDX2015,M,Jun-68,8.229718
822,194383,CAN,CPI,ENRG,IDX2015,M,Jul-68,8.229718
823,194384,CAN,CPI,ENRG,IDX2015,M,Aug-68,8.296627
824,194385,CAN,CPI,ENRG,IDX2015,M,Sep-68,8.296627
825,194386,CAN,CPI,ENRG,IDX2015,M,Oct-68,8.296627
826,194387,CAN,CPI,ENRG,IDX2015,M,Nov-68,8.296627
827,194388,CAN,CPI,ENRG,IDX2015,M,Dec-68,8.296627
828,194389,CAN,CPI,ENRG,IDX2015,M,Jan-69,8.363535
829,194390,CAN,CPI,ENRG,IDX2015,M,Feb-69,8.363535
830,194391,CAN,CPI,ENRG,IDX2015,M,Mar-69,8.363535
831,194392,CAN,CPI,ENRG,IDX2015,M,Apr-69,8.363535
832,194393,CAN,CPI,ENRG,IDX2015,M,May-69,8.363535
833,194394,CAN,CPI,ENRG,IDX2015,M,Jun-69,8.363535
834,194395,CAN,CPI,ENRG,IDX2015,M,Jul-69,8.363535
835,194396,CAN,CPI,ENRG,IDX2015,M,Aug-69,8.430443
836,194397,CAN,CPI,ENRG,IDX2015,M,Sep-69,8.497352
837,194398,CAN,CPI,ENRG,IDX2015,M,Oct-69,8.497352
838,194399,CAN,CPI,ENRG,IDX2015,M,Nov-69,8.497352
839,194400,CAN,CPI,ENRG,IDX2015,M,Dec-69,8.497352
840,194401,CAN,CPI,ENRG,IDX2015,M,Jan-70,8.497352
841,194402,CAN,CPI,ENRG,IDX2015,M,Feb-70,8.497352
842,194403,CAN,CPI,ENRG,IDX2015,M,Mar-70,8.698076
843,194404,CAN,CPI,ENRG,IDX2015,M,Apr-70,8.698076
844,194405,CAN,CPI,ENRG,IDX2015,M,May-70,8.698076
845,194406,CAN,CPI,ENRG,IDX2015,M,Jun-70,8.698076
846,194407,CAN,CPI,ENRG,IDX2015,M,Jul-70,8.698076
847,194408,CAN,CPI,ENRG,IDX2015,M,Aug-70,8.698076
848,194409,CAN,CPI,ENRG,IDX2015,M,Sep-70,8.698076
849,194410,CAN,CPI,ENRG,IDX2015,M,Oct-70,8.698076
850,194411,CAN,CPI,ENRG,IDX2015,M,Nov-70,8.764985
851,194412,CAN,CPI,ENRG,IDX2015,M,Dec-70,8.764985
852,194413,CAN,CPI,ENRG,IDX2015,M,Jan-71,8.831893
853,194414,CAN,CPI,ENRG,IDX2015,M,Feb-71,8.898801
854,194415,CAN,CPI,ENRG,IDX2015,M,Mar-71,8.898801
855,194416,CAN,CPI,ENRG,IDX2015,M,Apr-71,9.166434
856,194417,CAN,CPI,ENRG,IDX2015,M,May-71,9.166434
857,194418,CAN,CPI,ENRG,IDX2015,M,Jun-71,9.166434
858,194419,CAN,CPI,ENRG,IDX2015,M,Jul-71,9.166434
859,194420,CAN,CPI,ENRG,IDX2015,M,Aug-71,9.166434
860,194421,CAN,CPI,ENRG,IDX2015,M,Sep-71,9.166434
861,194422,CAN,CPI,ENRG,IDX2015,M,Oct-71,9.166434
862,194423,CAN,CPI,ENRG,IDX2015,M,Nov-71,9.233342
863,194424,CAN,CPI,ENRG,IDX2015,M,Dec-71,9.233342
864,194425,CAN,CPI,ENRG,IDX2015,M,Jan-72,9.300251
865,194426,CAN,CPI,ENRG,IDX2015,M,Feb-72,9.300251
866,194427,CAN,CPI,ENRG,IDX2015,M,Mar-72,9.367159
867,194428,CAN,CPI,ENRG,IDX2015,M,Apr-72,9.367159
868,194429,CAN,CPI,ENRG,IDX2015,M,May-72,9.367159
869,194430,CAN,CPI,ENRG,IDX2015,M,Jun-72,9.367159
870,194431,CAN,CPI,ENRG,IDX2015,M,Jul-72,9.367159
871,194432,CAN,CPI,ENRG,IDX2015,M,Aug-72,9.367159
872,194433,CAN,CPI,ENRG,IDX2015,M,Sep-72,9.367159
873,194434,CAN,CPI,ENRG,IDX2015,M,Oct-72,9.367159
874,194435,CAN,CPI,ENRG,IDX2015,M,Nov-72,9.367159
875,194436,CAN,CPI,ENRG,IDX2015,M,Dec-72,9.367159
876,194437,CAN,CPI,ENRG,IDX2015,M,Jan-73,9.634792
877,194438,CAN,CPI,ENRG,IDX2015,M,Feb-73,9.768609
878,194439,CAN,CPI,ENRG,IDX2015,M,Mar-73,9.768609
879,194440,CAN,CPI,ENRG,IDX2015,M,Apr-73,9.768609
880,194441,CAN,CPI,ENRG,IDX2015,M,May-73,9.902426
881,194442,CAN,CPI,ENRG,IDX2015,M,Jun-73,10.03624
882,194443,CAN,CPI,ENRG,IDX2015,M,Jul-73,10.17006
883,194444,CAN,CPI,ENRG,IDX2015,M,Aug-73,10.43769
884,194445,CAN,CPI,ENRG,IDX2015,M,Sep-73,10.5046
885,194446,CAN,CPI,ENRG,IDX2015,M,Oct-73,10.63842
886,194447,CAN,CPI,ENRG,IDX2015,M,Nov-73,10.77223
887,194448,CAN,CPI,ENRG,IDX2015,M,Dec-73,11.10677
888,194449,CAN,CPI,ENRG,IDX2015,M,Jan-74,11.10677
889,194450,CAN,CPI,ENRG,IDX2015,M,Feb-74,11.10677
890,194451,CAN,CPI,ENRG,IDX2015,M,Mar-74,11.10677
891,194452,CAN,CPI,ENRG,IDX2015,M,Apr-74,11.10677
892,194453,CAN,CPI,ENRG,IDX2015,M,May-74,11.77586
893,194454,CAN,CPI,ENRG,IDX2015,M,Jun-74,12.1104
894,194455,CAN,CPI,ENRG,IDX2015,M,Jul-74,12.1104
895,194456,CAN,CPI,ENRG,IDX2015,M,Aug-74,12.1104
896,194457,CAN,CPI,ENRG,IDX2015,M,Sep-74,12.1104
897,194458,CAN,CPI,ENRG,IDX2015,M,Oct-74,12.1104
898,194459,CAN,CPI,ENRG,IDX2015,M,Nov-74,12.1104
899,194460,CAN,CPI,ENRG,IDX2015,M,Dec-74,12.17731
900,194461,CAN,CPI,ENRG,IDX2015,M,Jan-75,12.37803
901,194462,CAN,CPI,ENRG,IDX2015,M,Feb-75,12.37803
902,194463,CAN,CPI,ENRG,IDX2015,M,Mar-75,12.64567
903,194464,CAN,CPI,ENRG,IDX2015,M,Apr-75,12.71257
904,194465,CAN,CPI,ENRG,IDX2015,M,May-75,12.77948
905,194466,CAN,CPI,ENRG,IDX2015,M,Jun-75,12.77948
906,194467,CAN,CPI,ENRG,IDX2015,M,Jul-75,13.64929
907,194468,CAN,CPI,ENRG,IDX2015,M,Aug-75,13.85001
908,194469,CAN,CPI,ENRG,IDX2015,M,Sep-75,14.11765
909,194470,CAN,CPI,ENRG,IDX2015,M,Oct-75,14.11765
910,194471,CAN,CPI,ENRG,IDX2015,M,Nov-75,14.38528
911,194472,CAN,CPI,ENRG,IDX2015,M,Dec-75,14.58601
912,194473,CAN,CPI,ENRG,IDX2015,M,Jan-76,14.85364
913,194474,CAN,CPI,ENRG,IDX2015,M,Feb-76,14.98745
914,194475,CAN,CPI,ENRG,IDX2015,M,Mar-76,15.05436
915,194476,CAN,CPI,ENRG,IDX2015,M,Apr-76,15.05436
916,194477,CAN,CPI,ENRG,IDX2015,M,May-76,15.12127
917,194478,CAN,CPI,ENRG,IDX2015,M,Jun-76,15.25509
918,194479,CAN,CPI,ENRG,IDX2015,M,Jul-76,15.25509
919,194480,CAN,CPI,ENRG,IDX2015,M,Aug-76,15.25509
920,194481,CAN,CPI,ENRG,IDX2015,M,Sep-76,15.92417
921,194482,CAN,CPI,ENRG,IDX2015,M,Oct-76,16.1249
922,194483,CAN,CPI,ENRG,IDX2015,M,Nov-76,16.05799
923,194484,CAN,CPI,ENRG,IDX2015,M,Dec-76,16.05799
924,194485,CAN,CPI,ENRG,IDX2015,M,Jan-77,16.39253
925,194486,CAN,CPI,ENRG,IDX2015,M,Feb-77,16.39253
926,194487,CAN,CPI,ENRG,IDX2015,M,Mar-77,17.06161
927,194488,CAN,CPI,ENRG,IDX2015,M,Apr-77,17.19543
928,194489,CAN,CPI,ENRG,IDX2015,M,May-77,17.26234
929,194490,CAN,CPI,ENRG,IDX2015,M,Jun-77,17.26234
930,194491,CAN,CPI,ENRG,IDX2015,M,Jul-77,17.26234
931,194492,CAN,CPI,ENRG,IDX2015,M,Aug-77,17.26234
932,194493,CAN,CPI,ENRG,IDX2015,M,Sep-77,17.73069
933,194494,CAN,CPI,ENRG,IDX2015,M,Oct-77,17.86451
934,194495,CAN,CPI,ENRG,IDX2015,M,Nov-77,17.93142
935,194496,CAN,CPI,ENRG,IDX2015,M,Dec-77,17.86451
936,194497,CAN,CPI,ENRG,IDX2015,M,Jan-78,17.93142
937,194498,CAN,CPI,ENRG,IDX2015,M,Feb-78,18.13214
938,194499,CAN,CPI,ENRG,IDX2015,M,Mar-78,18.80123
939,194500,CAN,CPI,ENRG,IDX2015,M,Apr-78,18.73432
940,194501,CAN,CPI,ENRG,IDX2015,M,May-78,18.73432
941,194502,CAN,CPI,ENRG,IDX2015,M,Jun-78,18.66741
942,194503,CAN,CPI,ENRG,IDX2015,M,Jul-78,18.73432
943,194504,CAN,CPI,ENRG,IDX2015,M,Aug-78,19.00195
944,194505,CAN,CPI,ENRG,IDX2015,M,Sep-78,19.47031
945,194506,CAN,CPI,ENRG,IDX2015,M,Oct-78,19.47031
946,194507,CAN,CPI,ENRG,IDX2015,M,Nov-78,19.47031
947,194508,CAN,CPI,ENRG,IDX2015,M,Dec-78,19.60413
948,194509,CAN,CPI,ENRG,IDX2015,M,Jan-79,20.00558
949,194510,CAN,CPI,ENRG,IDX2015,M,Feb-79,20.07248
950,194511,CAN,CPI,ENRG,IDX2015,M,Mar-79,20.07248
951,194512,CAN,CPI,ENRG,IDX2015,M,Apr-79,20.2063
952,194513,CAN,CPI,ENRG,IDX2015,M,May-79,20.27321
953,194514,CAN,CPI,ENRG,IDX2015,M,Jun-79,20.27321
954,194515,CAN,CPI,ENRG,IDX2015,M,Jul-79,20.47393
955,194516,CAN,CPI,ENRG,IDX2015,M,Aug-79,20.54084
956,194517,CAN,CPI,ENRG,IDX2015,M,Sep-79,21.41065
957,194518,CAN,CPI,ENRG,IDX2015,M,Oct-79,21.61137
958,194519,CAN,CPI,ENRG,IDX2015,M,Nov-79,21.8121
959,194520,CAN,CPI,ENRG,IDX2015,M,Dec-79,22.07973
960,194521,CAN,CPI,ENRG,IDX2015,M,Jan-80,22.48118
961,194522,CAN,CPI,ENRG,IDX2015,M,Feb-80,22.54809
962,194523,CAN,CPI,ENRG,IDX2015,M,Mar-80,23.15026
963,194524,CAN,CPI,ENRG,IDX2015,M,Apr-80,23.35099
964,194525,CAN,CPI,ENRG,IDX2015,M,May-80,23.4179
965,194526,CAN,CPI,ENRG,IDX2015,M,Jun-80,23.55171
966,194527,CAN,CPI,ENRG,IDX2015,M,Jul-80,23.81935
967,194528,CAN,CPI,ENRG,IDX2015,M,Aug-80,24.08698
968,194529,CAN,CPI,ENRG,IDX2015,M,Sep-80,24.08698
969,194530,CAN,CPI,ENRG,IDX2015,M,Oct-80,25.62587
970,194531,CAN,CPI,ENRG,IDX2015,M,Nov-80,26.29495
971,194532,CAN,CPI,ENRG,IDX2015,M,Dec-80,26.36186
972,194533,CAN,CPI,ENRG,IDX2015,M,Jan-81,28.03457
973,194534,CAN,CPI,ENRG,IDX2015,M,Feb-81,28.16839
974,194535,CAN,CPI,ENRG,IDX2015,M,Mar-81,29.50655
975,194536,CAN,CPI,ENRG,IDX2015,M,Apr-81,29.50655
976,194537,CAN,CPI,ENRG,IDX2015,M,May-81,30.17563
977,194538,CAN,CPI,ENRG,IDX2015,M,Jun-81,31.64762
978,194539,CAN,CPI,ENRG,IDX2015,M,Jul-81,31.98216
979,194540,CAN,CPI,ENRG,IDX2015,M,Aug-81,32.11597
980,194541,CAN,CPI,ENRG,IDX2015,M,Sep-81,33.1196
981,194542,CAN,CPI,ENRG,IDX2015,M,Oct-81,33.45414
982,194543,CAN,CPI,ENRG,IDX2015,M,Nov-81,33.45414
983,194544,CAN,CPI,ENRG,IDX2015,M,Dec-81,34.39086
984,194545,CAN,CPI,ENRG,IDX2015,M,Jan-82,34.7923
985,194546,CAN,CPI,ENRG,IDX2015,M,Feb-82,34.85921
986,194547,CAN,CPI,ENRG,IDX2015,M,Mar-82,36.73265
987,194548,CAN,CPI,ENRG,IDX2015,M,Apr-82,36.86646
988,194549,CAN,CPI,ENRG,IDX2015,M,May-82,37.33482
989,194550,CAN,CPI,ENRG,IDX2015,M,Jun-82,37.40173
990,194551,CAN,CPI,ENRG,IDX2015,M,Jul-82,37.40173
991,194552,CAN,CPI,ENRG,IDX2015,M,Aug-82,37.73627
992,194553,CAN,CPI,ENRG,IDX2015,M,Sep-82,39.40898
993,194554,CAN,CPI,ENRG,IDX2015,M,Oct-82,38.94062
994,194555,CAN,CPI,ENRG,IDX2015,M,Nov-82,39.20825
995,194556,CAN,CPI,ENRG,IDX2015,M,Dec-82,39.20825
996,194557,CAN,CPI,ENRG,IDX2015,M,Jan-83,38.60608
997,194558,CAN,CPI,ENRG,IDX2015,M,Feb-83,37.87009
998,194559,CAN,CPI,ENRG,IDX2015,M,Mar-83,41.01477
999,194560,CAN,CPI,ENRG,IDX2015,M,Apr-83,39.14134
1000,194561,CAN,CPI,ENRG,IDX2015,M,May-83,37.80318
1001,194562,CAN,CPI,ENRG,IDX2015,M,Jun-83,41.2155
1002,194563,CAN,CPI,ENRG,IDX2015,M,Jul-83,41.61695
1003,194564,CAN,CPI,ENRG,IDX2015,M,Aug-83,41.88458
1004,194565,CAN,CPI,ENRG,IDX2015,M,Sep-83,41.75077
1005,194566,CAN,CPI,ENRG,IDX2015,M,Oct-83,41.34932
1006,194567,CAN,CPI,ENRG,IDX2015,M,Nov-83,41.01477
1007,194568,CAN,CPI,ENRG,IDX2015,M,Dec-83,41.61695
1008,194569,CAN,CPI,ENRG,IDX2015,M,Jan-84,42.62057
1009,194570,CAN,CPI,ENRG,IDX2015,M,Feb-84,42.8213
1010,194571,CAN,CPI,ENRG,IDX2015,M,Mar-84,41.88458
1011,194572,CAN,CPI,ENRG,IDX2015,M,Apr-84,42.0184
1012,194573,CAN,CPI,ENRG,IDX2015,M,May-84,41.75077
1013,194574,CAN,CPI,ENRG,IDX2015,M,Jun-84,42.15222
1014,194575,CAN,CPI,ENRG,IDX2015,M,Jul-84,42.88821
1015,194576,CAN,CPI,ENRG,IDX2015,M,Aug-84,42.35294
1016,194577,CAN,CPI,ENRG,IDX2015,M,Sep-84,42.55367
1017,194578,CAN,CPI,ENRG,IDX2015,M,Oct-84,42.55367
1018,194579,CAN,CPI,ENRG,IDX2015,M,Nov-84,43.75801
1019,194580,CAN,CPI,ENRG,IDX2015,M,Dec-84,44.22637
1020,194581,CAN,CPI,ENRG,IDX2015,M,Jan-85,44.96236
1021,194582,CAN,CPI,ENRG,IDX2015,M,Feb-85,44.82855
1022,194583,CAN,CPI,ENRG,IDX2015,M,Mar-85,44.82855
1023,194584,CAN,CPI,ENRG,IDX2015,M,Apr-85,44.82855
1024,194585,CAN,CPI,ENRG,IDX2015,M,May-85,44.82855
1025,194586,CAN,CPI,ENRG,IDX2015,M,Jun-85,44.69473
1026,194587,CAN,CPI,ENRG,IDX2015,M,Jul-85,44.15947
1027,194588,CAN,CPI,ENRG,IDX2015,M,Aug-85,44.29328
1028,194589,CAN,CPI,ENRG,IDX2015,M,Sep-85,45.29691
1029,194590,CAN,CPI,ENRG,IDX2015,M,Oct-85,45.56454
1030,194591,CAN,CPI,ENRG,IDX2015,M,Nov-85,45.83217
1031,194592,CAN,CPI,ENRG,IDX2015,M,Dec-85,46.0329
1032,194593,CAN,CPI,ENRG,IDX2015,M,Jan-86,46.43435
1033,194594,CAN,CPI,ENRG,IDX2015,M,Feb-86,46.43435
1034,194595,CAN,CPI,ENRG,IDX2015,M,Mar-86,44.89545
1035,194596,CAN,CPI,ENRG,IDX2015,M,Apr-86,41.88458
1036,194597,CAN,CPI,ENRG,IDX2015,M,May-86,40.81405
1037,194598,CAN,CPI,ENRG,IDX2015,M,Jun-86,40.68023
1038,194599,CAN,CPI,ENRG,IDX2015,M,Jul-86,40.54642
1039,194600,CAN,CPI,ENRG,IDX2015,M,Aug-86,40.4126
1040,194601,CAN,CPI,ENRG,IDX2015,M,Sep-86,39.87733
1041,194602,CAN,CPI,ENRG,IDX2015,M,Oct-86,39.54279
1042,194603,CAN,CPI,ENRG,IDX2015,M,Nov-86,39.94424
1043,194604,CAN,CPI,ENRG,IDX2015,M,Dec-86,40.07806
1044,194605,CAN,CPI,ENRG,IDX2015,M,Jan-87,40.61333
1045,194606,CAN,CPI,ENRG,IDX2015,M,Feb-87,41.48314
1046,194607,CAN,CPI,ENRG,IDX2015,M,Mar-87,42.28603
1047,194608,CAN,CPI,ENRG,IDX2015,M,Apr-87,42.55367
1048,194609,CAN,CPI,ENRG,IDX2015,M,May-87,42.62057
1049,194610,CAN,CPI,ENRG,IDX2015,M,Jun-87,43.08893
1050,194611,CAN,CPI,ENRG,IDX2015,M,Jul-87,43.28966
1051,194612,CAN,CPI,ENRG,IDX2015,M,Aug-87,43.49038
1052,194613,CAN,CPI,ENRG,IDX2015,M,Sep-87,43.82492
1053,194614,CAN,CPI,ENRG,IDX2015,M,Oct-87,43.6911
1054,194615,CAN,CPI,ENRG,IDX2015,M,Nov-87,43.82492
1055,194616,CAN,CPI,ENRG,IDX2015,M,Dec-87,43.82492
1056,194617,CAN,CPI,ENRG,IDX2015,M,Jan-88,43.82492
1057,194618,CAN,CPI,ENRG,IDX2015,M,Feb-88,43.22275
1058,194619,CAN,CPI,ENRG,IDX2015,M,Mar-88,42.88821
1059,194620,CAN,CPI,ENRG,IDX2015,M,Apr-88,43.35656
1060,194621,CAN,CPI,ENRG,IDX2015,M,May-88,43.75801
1061,194622,CAN,CPI,ENRG,IDX2015,M,Jun-88,43.6242
1062,194623,CAN,CPI,ENRG,IDX2015,M,Jul-88,43.6911
1063,194624,CAN,CPI,ENRG,IDX2015,M,Aug-88,42.95512
1064,194625,CAN,CPI,ENRG,IDX2015,M,Sep-88,43.02202
1065,194626,CAN,CPI,ENRG,IDX2015,M,Oct-88,42.75439
1066,194627,CAN,CPI,ENRG,IDX2015,M,Nov-88,42.35294
1067,194628,CAN,CPI,ENRG,IDX2015,M,Dec-88,42.21912
1068,194629,CAN,CPI,ENRG,IDX2015,M,Jan-89,42.55367
1069,194630,CAN,CPI,ENRG,IDX2015,M,Feb-89,42.8213
1070,194631,CAN,CPI,ENRG,IDX2015,M,Mar-89,43.08893
1071,194632,CAN,CPI,ENRG,IDX2015,M,Apr-89,43.49038
1072,194633,CAN,CPI,ENRG,IDX2015,M,May-89,45.16309
1073,194634,CAN,CPI,ENRG,IDX2015,M,Jun-89,45.43072
1074,194635,CAN,CPI,ENRG,IDX2015,M,Jul-89,45.56454
1075,194636,CAN,CPI,ENRG,IDX2015,M,Aug-89,45.56454
1076,194637,CAN,CPI,ENRG,IDX2015,M,Sep-89,45.49763
1077,194638,CAN,CPI,ENRG,IDX2015,M,Oct-89,45.36382
1078,194639,CAN,CPI,ENRG,IDX2015,M,Nov-89,45.56454
1079,194640,CAN,CPI,ENRG,IDX2015,M,Dec-89,45.36382
1080,194641,CAN,CPI,ENRG,IDX2015,M,Jan-90,46.43435
1081,194642,CAN,CPI,ENRG,IDX2015,M,Feb-90,46.96961
1082,194643,CAN,CPI,ENRG,IDX2015,M,Mar-90,47.37106
1083,194644,CAN,CPI,ENRG,IDX2015,M,Apr-90,47.77251
1084,194645,CAN,CPI,ENRG,IDX2015,M,May-90,48.30778
1085,194646,CAN,CPI,ENRG,IDX2015,M,Jun-90,48.57541
1086,194647,CAN,CPI,ENRG,IDX2015,M,Jul-90,48.44159
1087,194648,CAN,CPI,ENRG,IDX2015,M,Aug-90,48.57541
1088,194649,CAN,CPI,ENRG,IDX2015,M,Sep-90,49.11068
1089,194650,CAN,CPI,ENRG,IDX2015,M,Oct-90,51.31865
1090,194651,CAN,CPI,ENRG,IDX2015,M,Nov-90,53.05827
1091,194652,CAN,CPI,ENRG,IDX2015,M,Dec-90,52.99136
1092,194653,CAN,CPI,ENRG,IDX2015,M,Jan-91,55.26624
1093,194654,CAN,CPI,ENRG,IDX2015,M,Feb-91,52.12155
1094,194655,CAN,CPI,ENRG,IDX2015,M,Mar-91,50.44884
1095,194656,CAN,CPI,ENRG,IDX2015,M,Apr-91,49.57904
1096,194657,CAN,CPI,ENRG,IDX2015,M,May-91,51.05102
1097,194658,CAN,CPI,ENRG,IDX2015,M,Jun-91,51.18483
1098,194659,CAN,CPI,ENRG,IDX2015,M,Jul-91,51.85392
1099,194660,CAN,CPI,ENRG,IDX2015,M,Aug-91,51.7201
1100,194661,CAN,CPI,ENRG,IDX2015,M,Sep-91,52.05464
1101,194662,CAN,CPI,ENRG,IDX2015,M,Oct-91,51.05102
1102,194663,CAN,CPI,ENRG,IDX2015,M,Nov-91,51.05102
1103,194664,CAN,CPI,ENRG,IDX2015,M,Dec-91,50.44884
1104,194665,CAN,CPI,ENRG,IDX2015,M,Jan-92,51.92083
1105,194666,CAN,CPI,ENRG,IDX2015,M,Feb-92,50.58266
1106,194667,CAN,CPI,ENRG,IDX2015,M,Mar-92,50.24812
1107,194668,CAN,CPI,ENRG,IDX2015,M,Apr-92,50.31503
1108,194669,CAN,CPI,ENRG,IDX2015,M,May-92,51.05102
1109,194670,CAN,CPI,ENRG,IDX2015,M,Jun-92,51.85392
1110,194671,CAN,CPI,ENRG,IDX2015,M,Jul-92,52.85754
1111,194672,CAN,CPI,ENRG,IDX2015,M,Aug-92,52.25537
1112,194673,CAN,CPI,ENRG,IDX2015,M,Sep-92,51.92083
1113,194674,CAN,CPI,ENRG,IDX2015,M,Oct-92,51.85392
1114,194675,CAN,CPI,ENRG,IDX2015,M,Nov-92,52.38918
1115,194676,CAN,CPI,ENRG,IDX2015,M,Dec-92,52.32227
1116,194677,CAN,CPI,ENRG,IDX2015,M,Jan-93,52.58991
1117,194678,CAN,CPI,ENRG,IDX2015,M,Feb-93,52.32227
1118,194679,CAN,CPI,ENRG,IDX2015,M,Mar-93,51.92083
1119,194680,CAN,CPI,ENRG,IDX2015,M,Apr-93,51.98773
1120,194681,CAN,CPI,ENRG,IDX2015,M,May-93,52.32227
1121,194682,CAN,CPI,ENRG,IDX2015,M,Jun-93,52.79063
1122,194683,CAN,CPI,ENRG,IDX2015,M,Jul-93,52.58991
1123,194684,CAN,CPI,ENRG,IDX2015,M,Aug-93,52.25537
1124,194685,CAN,CPI,ENRG,IDX2015,M,Sep-93,52.45609
1125,194686,CAN,CPI,ENRG,IDX2015,M,Oct-93,52.18846
1126,194687,CAN,CPI,ENRG,IDX2015,M,Nov-93,52.18846
1127,194688,CAN,CPI,ENRG,IDX2015,M,Dec-93,51.58628
1128,194689,CAN,CPI,ENRG,IDX2015,M,Jan-94,51.11793
1129,194690,CAN,CPI,ENRG,IDX2015,M,Feb-94,51.7201
1130,194691,CAN,CPI,ENRG,IDX2015,M,Mar-94,51.85392
1131,194692,CAN,CPI,ENRG,IDX2015,M,Apr-94,51.78701
1132,194693,CAN,CPI,ENRG,IDX2015,M,May-94,52.25537
1133,194694,CAN,CPI,ENRG,IDX2015,M,Jun-94,52.99136
1134,194695,CAN,CPI,ENRG,IDX2015,M,Jul-94,53.45972
1135,194696,CAN,CPI,ENRG,IDX2015,M,Aug-94,53.92807
1136,194697,CAN,CPI,ENRG,IDX2015,M,Sep-94,53.39281
1137,194698,CAN,CPI,ENRG,IDX2015,M,Oct-94,52.32227
1138,194699,CAN,CPI,ENRG,IDX2015,M,Nov-94,53.19208
1139,194700,CAN,CPI,ENRG,IDX2015,M,Dec-94,52.72372
1140,194701,CAN,CPI,ENRG,IDX2015,M,Jan-95,52.523
1141,194702,CAN,CPI,ENRG,IDX2015,M,Feb-95,52.65681
1142,194703,CAN,CPI,ENRG,IDX2015,M,Mar-95,52.99136
1143,194704,CAN,CPI,ENRG,IDX2015,M,Apr-95,53.19208
1144,194705,CAN,CPI,ENRG,IDX2015,M,May-95,54.39643
1145,194706,CAN,CPI,ENRG,IDX2015,M,Jun-95,54.32952
1146,194707,CAN,CPI,ENRG,IDX2015,M,Jul-95,53.92807
1147,194708,CAN,CPI,ENRG,IDX2015,M,Aug-95,53.19208
1148,194709,CAN,CPI,ENRG,IDX2015,M,Sep-95,53.3259
1149,194710,CAN,CPI,ENRG,IDX2015,M,Oct-95,52.72372
1150,194711,CAN,CPI,ENRG,IDX2015,M,Nov-95,52.523
1151,194712,CAN,CPI,ENRG,IDX2015,M,Dec-95,53.19208
1152,194713,CAN,CPI,ENRG,IDX2015,M,Jan-96,53.19208
1153,194714,CAN,CPI,ENRG,IDX2015,M,Feb-96,53.05827
1154,194715,CAN,CPI,ENRG,IDX2015,M,Mar-96,53.92807
1155,194716,CAN,CPI,ENRG,IDX2015,M,Apr-96,54.66407
1156,194717,CAN,CPI,ENRG,IDX2015,M,May-96,56.40368
1157,194718,CAN,CPI,ENRG,IDX2015,M,Jun-96,55.60078
1158,194719,CAN,CPI,ENRG,IDX2015,M,Jul-96,54.19571
1159,194720,CAN,CPI,ENRG,IDX2015,M,Aug-96,54.26262
1160,194721,CAN,CPI,ENRG,IDX2015,M,Sep-96,54.66407
1161,194722,CAN,CPI,ENRG,IDX2015,M,Oct-96,55.80151
1162,194723,CAN,CPI,ENRG,IDX2015,M,Nov-96,55.7346
1163,194724,CAN,CPI,ENRG,IDX2015,M,Dec-96,56.06914
1164,194725,CAN,CPI,ENRG,IDX2015,M,Jan-97,56.47059
1165,194726,CAN,CPI,ENRG,IDX2015,M,Feb-97,56.80513
1166,194727,CAN,CPI,ENRG,IDX2015,M,Mar-97,56.53749
1167,194728,CAN,CPI,ENRG,IDX2015,M,Apr-97,55.60078
1168,194729,CAN,CPI,ENRG,IDX2015,M,May-97,55.66769
1169,194730,CAN,CPI,ENRG,IDX2015,M,Jun-97,55.93532
1170,194731,CAN,CPI,ENRG,IDX2015,M,Jul-97,55.46696
1171,194732,CAN,CPI,ENRG,IDX2015,M,Aug-97,56.6044
1172,194733,CAN,CPI,ENRG,IDX2015,M,Sep-97,56.80513
1173,194734,CAN,CPI,ENRG,IDX2015,M,Oct-97,56.33677
1174,194735,CAN,CPI,ENRG,IDX2015,M,Nov-97,55.66769
1175,194736,CAN,CPI,ENRG,IDX2015,M,Dec-97,55.46696
1176,194737,CAN,CPI,ENRG,IDX2015,M,Jan-98,55.06551
1177,194738,CAN,CPI,ENRG,IDX2015,M,Feb-98,54.06189
1178,194739,CAN,CPI,ENRG,IDX2015,M,Mar-98,53.45972
1179,194740,CAN,CPI,ENRG,IDX2015,M,Apr-98,53.52662
1180,194741,CAN,CPI,ENRG,IDX2015,M,May-98,54.32952
1181,194742,CAN,CPI,ENRG,IDX2015,M,Jun-98,54.26262
1182,194743,CAN,CPI,ENRG,IDX2015,M,Jul-98,53.79426
1183,194744,CAN,CPI,ENRG,IDX2015,M,Aug-98,53.72735
1184,194745,CAN,CPI,ENRG,IDX2015,M,Sep-98,52.92445
1185,194746,CAN,CPI,ENRG,IDX2015,M,Oct-98,54.06189
1186,194747,CAN,CPI,ENRG,IDX2015,M,Nov-98,53.72735
1187,194748,CAN,CPI,ENRG,IDX2015,M,Dec-98,53.12518
1188,194749,CAN,CPI,ENRG,IDX2015,M,Jan-99,53.19208
1189,194750,CAN,CPI,ENRG,IDX2015,M,Feb-99,52.79063
1190,194751,CAN,CPI,ENRG,IDX2015,M,Mar-99,53.52662
1191,194752,CAN,CPI,ENRG,IDX2015,M,Apr-99,55.53387
1192,194753,CAN,CPI,ENRG,IDX2015,M,May-99,55.93532
1193,194754,CAN,CPI,ENRG,IDX2015,M,Jun-99,55.53387
1194,194755,CAN,CPI,ENRG,IDX2015,M,Jul-99,56.73822
1195,194756,CAN,CPI,ENRG,IDX2015,M,Aug-99,58.74547
1196,194757,CAN,CPI,ENRG,IDX2015,M,Sep-99,59.54837
1197,194758,CAN,CPI,ENRG,IDX2015,M,Oct-99,60.28436
1198,194759,CAN,CPI,ENRG,IDX2015,M,Nov-99,59.74909
1199,194760,CAN,CPI,ENRG,IDX2015,M,Dec-99,61.08726
1200,194761,CAN,CPI,ENRG,IDX2015,M,Jan-00,61.22108
1201,194762,CAN,CPI,ENRG,IDX2015,M,Feb-00,63.0276
1202,194763,CAN,CPI,ENRG,IDX2015,M,Mar-00,65.5032
1203,194764,CAN,CPI,ENRG,IDX2015,M,Apr-00,63.09451
1204,194765,CAN,CPI,ENRG,IDX2015,M,May-00,63.8305
1205,194766,CAN,CPI,ENRG,IDX2015,M,Jun-00,66.30611
1206,194767,CAN,CPI,ENRG,IDX2015,M,Jul-00,66.84137
1207,194768,CAN,CPI,ENRG,IDX2015,M,Aug-00,65.70393
1208,194769,CAN,CPI,ENRG,IDX2015,M,Sep-00,68.58099
1209,194770,CAN,CPI,ENRG,IDX2015,M,Oct-00,69.4508
1210,194771,CAN,CPI,ENRG,IDX2015,M,Nov-00,70.52132
1211,194772,CAN,CPI,ENRG,IDX2015,M,Dec-00,69.38389
1212,194773,CAN,CPI,ENRG,IDX2015,M,Jan-01,67.57736
1213,194774,CAN,CPI,ENRG,IDX2015,M,Feb-01,67.0421
1214,194775,CAN,CPI,ENRG,IDX2015,M,Mar-01,67.9119
1215,194776,CAN,CPI,ENRG,IDX2015,M,Apr-01,70.38751
1216,194777,CAN,CPI,ENRG,IDX2015,M,May-01,74.06747
1217,194778,CAN,CPI,ENRG,IDX2015,M,Jun-01,73.13075
1218,194779,CAN,CPI,ENRG,IDX2015,M,Jul-01,68.71481
1219,194780,CAN,CPI,ENRG,IDX2015,M,Aug-01,68.84862
1220,194781,CAN,CPI,ENRG,IDX2015,M,Sep-01,70.72205
1221,194782,CAN,CPI,ENRG,IDX2015,M,Oct-01,67.57736
1222,194783,CAN,CPI,ENRG,IDX2015,M,Nov-01,61.68943
1223,194784,CAN,CPI,ENRG,IDX2015,M,Dec-01,61.48871
1224,194785,CAN,CPI,ENRG,IDX2015,M,Jan-02,62.89378
1225,194786,CAN,CPI,ENRG,IDX2015,M,Feb-02,63.16142
1226,194787,CAN,CPI,ENRG,IDX2015,M,Mar-02,65.63702
1227,194788,CAN,CPI,ENRG,IDX2015,M,Apr-02,66.84137
1228,194789,CAN,CPI,ENRG,IDX2015,M,May-02,66.30611
1229,194790,CAN,CPI,ENRG,IDX2015,M,Jun-02,65.57011
1230,194791,CAN,CPI,ENRG,IDX2015,M,Jul-02,66.57374
1231,194792,CAN,CPI,ENRG,IDX2015,M,Aug-02,68.84862
1232,194793,CAN,CPI,ENRG,IDX2015,M,Sep-02,69.5177
1233,194794,CAN,CPI,ENRG,IDX2015,M,Oct-02,71.45805
1234,194795,CAN,CPI,ENRG,IDX2015,M,Nov-02,70.3206
1235,194796,CAN,CPI,ENRG,IDX2015,M,Dec-02,65.83775
1236,194797,CAN,CPI,ENRG,IDX2015,M,Jan-03,72.46167
1237,194798,CAN,CPI,ENRG,IDX2015,M,Feb-03,75.60635
1238,194799,CAN,CPI,ENRG,IDX2015,M,Mar-03,77.14525
1239,194800,CAN,CPI,ENRG,IDX2015,M,Apr-03,70.92278
1240,194801,CAN,CPI,ENRG,IDX2015,M,May-03,69.38389
1241,194802,CAN,CPI,ENRG,IDX2015,M,Jun-03,70.72205
1242,194803,CAN,CPI,ENRG,IDX2015,M,Jul-03,71.05659
1243,194804,CAN,CPI,ENRG,IDX2015,M,Aug-03,74.06747
1244,194805,CAN,CPI,ENRG,IDX2015,M,Sep-03,74.00056
1245,194806,CAN,CPI,ENRG,IDX2015,M,Oct-03,70.72205
1246,194807,CAN,CPI,ENRG,IDX2015,M,Nov-03,69.85224
1247,194808,CAN,CPI,ENRG,IDX2015,M,Dec-03,70.3206
1248,194809,CAN,CPI,ENRG,IDX2015,M,Jan-04,71.65877
1249,194810,CAN,CPI,ENRG,IDX2015,M,Feb-04,73.26456
1250,194811,CAN,CPI,ENRG,IDX2015,M,Mar-04,74.00056
1251,194812,CAN,CPI,ENRG,IDX2015,M,Apr-04,75.47254
1252,194813,CAN,CPI,ENRG,IDX2015,M,May-04,80.62447
1253,194814,CAN,CPI,ENRG,IDX2015,M,Jun-04,79.88849
1254,194815,CAN,CPI,ENRG,IDX2015,M,Jul-04,78.61723
1255,194816,CAN,CPI,ENRG,IDX2015,M,Aug-04,78.68414
1256,194817,CAN,CPI,ENRG,IDX2015,M,Sep-04,78.28268
1257,194818,CAN,CPI,ENRG,IDX2015,M,Oct-04,79.95539
1258,194819,CAN,CPI,ENRG,IDX2015,M,Nov-04,78.34959
1259,194820,CAN,CPI,ENRG,IDX2015,M,Dec-04,76.0078
1260,194821,CAN,CPI,ENRG,IDX2015,M,Jan-05,76.94452
1261,194822,CAN,CPI,ENRG,IDX2015,M,Feb-05,78.61723
1262,194823,CAN,CPI,ENRG,IDX2015,M,Mar-05,80.95901
1263,194824,CAN,CPI,ENRG,IDX2015,M,Apr-05,83.56844
1264,194825,CAN,CPI,ENRG,IDX2015,M,May-05,81.96265
1265,194826,CAN,CPI,ENRG,IDX2015,M,Jun-05,83.03317
1266,194827,CAN,CPI,ENRG,IDX2015,M,Jul-05,85.84332
1267,194828,CAN,CPI,ENRG,IDX2015,M,Aug-05,88.45274
1268,194829,CAN,CPI,ENRG,IDX2015,M,Sep-05,95.07667
1269,194830,CAN,CPI,ENRG,IDX2015,M,Oct-05,90.72763
1270,194831,CAN,CPI,ENRG,IDX2015,M,Nov-05,85.24115
1271,194832,CAN,CPI,ENRG,IDX2015,M,Dec-05,83.76917
1272,194833,CAN,CPI,ENRG,IDX2015,M,Jan-06,88.78728
1273,194834,CAN,CPI,ENRG,IDX2015,M,Feb-06,85.04042
1274,194835,CAN,CPI,ENRG,IDX2015,M,Mar-06,86.98077
1275,194836,CAN,CPI,ENRG,IDX2015,M,Apr-06,92.9356
1276,194837,CAN,CPI,ENRG,IDX2015,M,May-06,93.53777
1277,194838,CAN,CPI,ENRG,IDX2015,M,Jun-06,92.60106
1278,194839,CAN,CPI,ENRG,IDX2015,M,Jul-06,95.00976
1279,194840,CAN,CPI,ENRG,IDX2015,M,Aug-06,94.80904
1280,194841,CAN,CPI,ENRG,IDX2015,M,Sep-06,86.17786
1281,194842,CAN,CPI,ENRG,IDX2015,M,Oct-06,82.83245
1282,194843,CAN,CPI,ENRG,IDX2015,M,Nov-06,82.83245
1283,194844,CAN,CPI,ENRG,IDX2015,M,Dec-06,85.04042
1284,194845,CAN,CPI,ENRG,IDX2015,M,Jan-07,83.76917
1285,194846,CAN,CPI,ENRG,IDX2015,M,Feb-07,85.04042
1286,194847,CAN,CPI,ENRG,IDX2015,M,Mar-07,90.92835
1287,194848,CAN,CPI,ENRG,IDX2015,M,Apr-07,93.06942
1288,194849,CAN,CPI,ENRG,IDX2015,M,May-07,95.00976
1289,194850,CAN,CPI,ENRG,IDX2015,M,Jun-07,93.7385
1290,194851,CAN,CPI,ENRG,IDX2015,M,Jul-07,93.40396
1291,194852,CAN,CPI,ENRG,IDX2015,M,Aug-07,91.26289
1292,194853,CAN,CPI,ENRG,IDX2015,M,Sep-07,91.39671
1293,194854,CAN,CPI,ENRG,IDX2015,M,Oct-07,89.99164
1294,194855,CAN,CPI,ENRG,IDX2015,M,Nov-07,91.3298
1295,194856,CAN,CPI,ENRG,IDX2015,M,Dec-07,92.46724
1296,194857,CAN,CPI,ENRG,IDX2015,M,Jan-08,93.00251
1297,194858,CAN,CPI,ENRG,IDX2015,M,Feb-08,93.27014
1298,194859,CAN,CPI,ENRG,IDX2015,M,Mar-08,95.81266
1299,194860,CAN,CPI,ENRG,IDX2015,M,Apr-08,100.4962
1300,194861,CAN,CPI,ENRG,IDX2015,M,May-08,105.9827
1301,194862,CAN,CPI,ENRG,IDX2015,M,Jun-08,110.5994
1302,194863,CAN,CPI,ENRG,IDX2015,M,Jul-08,113.1419
1303,194864,CAN,CPI,ENRG,IDX2015,M,Aug-08,109.7296
1304,194865,CAN,CPI,ENRG,IDX2015,M,Sep-08,108.0569
1305,194866,CAN,CPI,ENRG,IDX2015,M,Oct-08,98.68971
1306,194867,CAN,CPI,ENRG,IDX2015,M,Nov-08,87.44912
1307,194868,CAN,CPI,ENRG,IDX2015,M,Dec-08,82.29719
1308,194869,CAN,CPI,ENRG,IDX2015,M,Jan-09,82.83245
1309,194870,CAN,CPI,ENRG,IDX2015,M,Feb-09,85.10733
1310,194871,CAN,CPI,ENRG,IDX2015,M,Mar-09,85.04042
1311,194872,CAN,CPI,ENRG,IDX2015,M,Apr-09,82.89936
1312,194873,CAN,CPI,ENRG,IDX2015,M,May-09,86.57932
1313,194874,CAN,CPI,ENRG,IDX2015,M,Jun-09,89.59019
1314,194875,CAN,CPI,ENRG,IDX2015,M,Jul-09,86.71313
1315,194876,CAN,CPI,ENRG,IDX2015,M,Aug-09,88.72038
1316,194877,CAN,CPI,ENRG,IDX2015,M,Sep-09,87.85057
1317,194878,CAN,CPI,ENRG,IDX2015,M,Oct-09,86.17786
1318,194879,CAN,CPI,ENRG,IDX2015,M,Nov-09,88.58656
1319,194880,CAN,CPI,ENRG,IDX2015,M,Dec-09,87.18149
1320,194881,CAN,CPI,ENRG,IDX2015,M,Jan-10,89.59019
1321,194882,CAN,CPI,ENRG,IDX2015,M,Feb-10,88.51965
1322,194883,CAN,CPI,ENRG,IDX2015,M,Mar-10,89.99164
1323,194884,CAN,CPI,ENRG,IDX2015,M,Apr-10,90.99526
1324,194885,CAN,CPI,ENRG,IDX2015,M,May-10,91.93198
1325,194886,CAN,CPI,ENRG,IDX2015,M,Jun-10,90.79453
1326,194887,CAN,CPI,ENRG,IDX2015,M,Jul-10,93.53777
1327,194888,CAN,CPI,ENRG,IDX2015,M,Aug-10,93.13632
1328,194889,CAN,CPI,ENRG,IDX2015,M,Sep-10,92.80178
1329,194890,CAN,CPI,ENRG,IDX2015,M,Oct-10,94.00613
1330,194891,CAN,CPI,ENRG,IDX2015,M,Nov-10,94.5414
1331,194892,CAN,CPI,ENRG,IDX2015,M,Dec-10,96.34792
1332,194893,CAN,CPI,ENRG,IDX2015,M,Jan-11,97.68609
1333,194894,CAN,CPI,ENRG,IDX2015,M,Feb-11,97.88681
1334,194895,CAN,CPI,ENRG,IDX2015,M,Mar-11,101.4999
1335,194896,CAN,CPI,ENRG,IDX2015,M,Apr-11,106.518
1336,194897,CAN,CPI,ENRG,IDX2015,M,May-11,107.1871
1337,194898,CAN,CPI,ENRG,IDX2015,M,Jun-11,105.046
1338,194899,CAN,CPI,ENRG,IDX2015,M,Jul-11,105.6482
1339,194900,CAN,CPI,ENRG,IDX2015,M,Aug-11,105.6482
1340,194901,CAN,CPI,ENRG,IDX2015,M,Sep-11,104.3769
1341,194902,CAN,CPI,ENRG,IDX2015,M,Oct-11,104.9791
1342,194903,CAN,CPI,ENRG,IDX2015,M,Nov-11,103.1057
1343,194904,CAN,CPI,ENRG,IDX2015,M,Dec-11,102.1689
1344,194905,CAN,CPI,ENRG,IDX2015,M,Jan-12,104.0424
1345,194906,CAN,CPI,ENRG,IDX2015,M,Feb-12,104.9791
1346,194907,CAN,CPI,ENRG,IDX2015,M,Mar-12,106.7187
1347,194908,CAN,CPI,ENRG,IDX2015,M,Apr-12,107.7223
1348,194909,CAN,CPI,ENRG,IDX2015,M,May-12,105.5144
1349,194910,CAN,CPI,ENRG,IDX2015,M,Jun-12,104.1762
1350,194911,CAN,CPI,ENRG,IDX2015,M,Jul-12,104.3769
1351,194912,CAN,CPI,ENRG,IDX2015,M,Aug-12,106.518
1352,194913,CAN,CPI,ENRG,IDX2015,M,Sep-12,107.4547
1353,194914,CAN,CPI,ENRG,IDX2015,M,Oct-12,106.7187
1354,194915,CAN,CPI,ENRG,IDX2015,M,Nov-12,102.9049
1355,194916,CAN,CPI,ENRG,IDX2015,M,Dec-12,101.6337
1356,194917,CAN,CPI,ENRG,IDX2015,M,Jan-13,102.2359
1357,194918,CAN,CPI,ENRG,IDX2015,M,Feb-13,107.1202
1358,194919,CAN,CPI,ENRG,IDX2015,M,Mar-13,106.9863
1359,194920,CAN,CPI,ENRG,IDX2015,M,Apr-13,105.7151
1360,194921,CAN,CPI,ENRG,IDX2015,M,May-13,106.5849
1361,194922,CAN,CPI,ENRG,IDX2015,M,Jun-13,108.4583
1362,194923,CAN,CPI,ENRG,IDX2015,M,Jul-13,109.8634
1363,194924,CAN,CPI,ENRG,IDX2015,M,Aug-13,109.0605
1364,194925,CAN,CPI,ENRG,IDX2015,M,Sep-13,109.0605
1365,194926,CAN,CPI,ENRG,IDX2015,M,Oct-13,105.046
1366,194927,CAN,CPI,ENRG,IDX2015,M,Nov-13,105.3136
1367,194928,CAN,CPI,ENRG,IDX2015,M,Dec-13,106.3173
1368,194929,CAN,CPI,ENRG,IDX2015,M,Jan-14,107.1871
1369,194930,CAN,CPI,ENRG,IDX2015,M,Feb-14,108.7929
1370,194931,CAN,CPI,ENRG,IDX2015,M,Mar-14,111.8706
1371,194932,CAN,CPI,ENRG,IDX2015,M,Apr-14,114.547
1372,194933,CAN,CPI,ENRG,IDX2015,M,May-14,115.5506
1373,194934,CAN,CPI,ENRG,IDX2015,M,Jun-14,115.7513
1374,194935,CAN,CPI,ENRG,IDX2015,M,Jul-14,115.0153
1375,194936,CAN,CPI,ENRG,IDX2015,M,Aug-14,112.6066
1376,194937,CAN,CPI,ENRG,IDX2015,M,Sep-14,112.0045
1377,194938,CAN,CPI,ENRG,IDX2015,M,Oct-14,109.4619
1378,194939,CAN,CPI,ENRG,IDX2015,M,Nov-14,104.7115
1379,194940,CAN,CPI,ENRG,IDX2015,M,Dec-14,99.49261
1380,194941,CAN,CPI,ENRG,IDX2015,M,Jan-15,93.33705
1381,194942,CAN,CPI,ENRG,IDX2015,M,Feb-15,97.08392
1382,194943,CAN,CPI,ENRG,IDX2015,M,Mar-15,100.2286
1383,194944,CAN,CPI,ENRG,IDX2015,M,Apr-15,99.09116
1384,194945,CAN,CPI,ENRG,IDX2015,M,May-15,101.9682
1385,194946,CAN,CPI,ENRG,IDX2015,M,Jun-15,105.3805
1386,194947,CAN,CPI,ENRG,IDX2015,M,Jul-15,106.518
1387,194948,CAN,CPI,ENRG,IDX2015,M,Aug-15,104.4438
1388,194949,CAN,CPI,ENRG,IDX2015,M,Sep-15,99.89406
1389,194950,CAN,CPI,ENRG,IDX2015,M,Oct-15,98.08754
1390,194951,CAN,CPI,ENRG,IDX2015,M,Nov-15,98.02063
1391,194952,CAN,CPI,ENRG,IDX2015,M,Dec-15,95.94647
1392,194953,CAN,CPI,ENRG,IDX2015,M,Jan-16,93.00251
1393,194954,CAN,CPI,ENRG,IDX2015,M,Feb-16,90.05855
1394,194955,CAN,CPI,ENRG,IDX2015,M,Mar-16,92.40034
1395,194956,CAN,CPI,ENRG,IDX2015,M,Apr-16,95.94647
1396,194957,CAN,CPI,ENRG,IDX2015,M,May-16,98.28826
1397,194958,CAN,CPI,ENRG,IDX2015,M,Jun-16,100.7639
1398,194959,CAN,CPI,ENRG,IDX2015,M,Jul-16,98.6228
1399,194960,CAN,CPI,ENRG,IDX2015,M,Aug-16,98.35517
1400,194961,CAN,CPI,ENRG,IDX2015,M,Sep-16,98.55589
1401,194962,CAN,CPI,ENRG,IDX2015,M,Oct-16,100.4962
1402,194963,CAN,CPI,ENRG,IDX2015,M,Nov-16,98.22135
1403,194964,CAN,CPI,ENRG,IDX2015,M,Dec-16,99.76025
1404,194965,CAN,CPI,ENRG,IDX2015,M,Jan-17,104.2431
1405,194966,CAN,CPI,ENRG,IDX2015,M,Feb-17,101.0984
1406,194967,CAN,CPI,ENRG,IDX2015,M,Mar-17,100.2286
1407,194968,CAN,CPI,ENRG,IDX2015,M,Apr-17,105.1798
1408,194969,CAN,CPI,ENRG,IDX2015,M,May-17,101.5668
1409,194970,CAN,CPI,ENRG,IDX2015,M,Jun-17,99.49261
1410,194971,CAN,CPI,ENRG,IDX2015,M,Jul-17,98.89043
1411,194972,CAN,CPI,ENRG,IDX2015,M,Aug-17,100.6301
1412,194973,CAN,CPI,ENRG,IDX2015,M,Sep-17,103.3733
1413,194974,CAN,CPI,ENRG,IDX2015,M,Oct-17,101.4999
1414,194975,CAN,CPI,ENRG,IDX2015,M,Nov-17,105.6482
1415,194976,CAN,CPI,ENRG,IDX2015,M,Dec-17,104.2431
1416,194977,CAN,CPI,ENRG,IDX2015,M,Jan-18,106.7187
1417,194978,CAN,CPI,ENRG,IDX2015,M,Feb-18,106.4511
1418,194979,CAN,CPI,ENRG,IDX2015,M,Mar-18,107.7223
1419,194980,CAN,CPI,ENRG,IDX2015,M,Apr-18,111.8037
1420,194981,CAN,CPI,ENRG,IDX2015,M,May-18,113.3426
1421,194982,CAN,CPI,ENRG,IDX2015,M,Jun-18,111.8706
1422,194983,CAN,CPI,ENRG,IDX2015,M,Jul-18,112.9412
1423,194984,CAN,CPI,ENRG,IDX2015,M,Aug-18,111.8706
1424,194985,CAN,CPI,ENRG,IDX2015,M,Sep-18,111.2685
1425,194986,CAN,CPI,ENRG,IDX2015,M,Oct-18,109.5289
1426,194987,CAN,CPI,ENRG,IDX2015,M,Nov-18,104.2431
1427,194988,CAN,CPI,ENRG,IDX2015,M,Dec-18,100.4293
1428,194989,CAN,CPI,ENRG,IDX2015,M,Jan-19,99.3588
1429,194990,CAN,CPI,ENRG,IDX2015,M,Feb-19,100.4293
1430,194991,CAN,CPI,ENRG,IDX2015,M,Mar-19,106.4511
1431,194992,CAN,CPI,ENRG,IDX2015,M,Apr-19,112.5397
1432,194993,CAN,CPI,ENRG,IDX2015,M,May-19,113.2088
1433,194994,CAN,CPI,ENRG,IDX2015,M,Jun-19,107.254
1434,194995,CAN,CPI,ENRG,IDX2015,M,Jul-19,109.3281
1435,194996,CAN,CPI,ENRG,IDX2015,M,Aug-19,106.5849
1436,194997,CAN,CPI,ENRG,IDX2015,M,Sep-19,106.1834
1437,194998,CAN,CPI,ENRG,IDX2015,M,Oct-19,106.3173
1438,194999,CAN,CPI,ENRG,IDX2015,M,Nov-19,105.782
1439,195000,CAN,CPI,ENRG,IDX2015,M,Dec-19,105.9158
1440,195001,CAN,CPI,ENRG,IDX2015,M,Jan-20,106.1165
1441,195002,CAN,CPI,ENRG,IDX2015,M,Feb-20,104.7784
1442,195003,CAN,CPI,ENRG,IDX2015,M,Mar-20,94.07304
1443,195004,CAN,CPI,ENRG,IDX2015,M,Apr-20,85.84332
1444,195005,CAN,CPI,ENRG,IDX2015,M,May-20,91.66434
1445,195006,CAN,CPI,ENRG,IDX2015,M,Jun-20,97.81991
1446,195007,CAN,CPI,ENRG,IDX2015,M,Jul-20,100.1617
1447,195008,CAN,CPI,ENRG,IDX2015,M,Aug-20,99.89406
1448,195009,CAN,CPI,ENRG,IDX2015,M,Sep-20,100.2286
1449,195010,CAN,CPI,ENRG,IDX2015,M,Oct-20,99.96097
1450,195011,CAN,CPI,ENRG,IDX2015,M,Nov-20,99.76025
1451,195012,CAN,CPI,ENRG,IDX2015,M,Dec-20,101.7006
1452,195013,CAN,CPI,ENRG,IDX2015,M,Jan-21,103.2395
1453,195014,CAN,CPI,ENRG,IDX2015,M,Feb-21,107.3209
1454,195015,CAN,CPI,ENRG,IDX2015,M,Mar-21,112.0045
1455,195016,CAN,CPI,ENRG,IDX2015,M,Apr-21,113.8779
1456,195017,CAN,CPI,ENRG,IDX2015,M,May-21,115.8851
1457,195018,CAN,CPI,ENRG,IDX2015,M,Jun-21,116.8888
1458,195019,CAN,CPI,ENRG,IDX2015,M,Jul-21,119.8996
1459,195020,CAN,CPI,ENRG,IDX2015,M,Aug-21,120.5687
1460,195021,CAN,CPI,ENRG,IDX2015,M,Sep-21,120.368
1461,195022,CAN,CPI,ENRG,IDX2015,M,Oct-21,125.453
1462,195023,CAN,CPI,ENRG,IDX2015,M,Nov-21,126.0552
1463,195024,CAN,CPI,ENRG,IDX2015,M,Dec-21,123.245
1464,195025,CAN,CPI,ENRG,IDX2015,M,Jan-22,127.1257
1465,195026,CAN,CPI,ENRG,IDX2015,M,Feb-22,133.1475
1466,195027,CAN,CPI,ENRG,IDX2015,M,Mar-22,143.1168
1467,195028,CAN,CPI,ENRG,IDX2015,M,Apr-22,143.9197
1468,195029,CAN,CPI,ENRG,IDX2015,M,May-22,156.1639
1469,195030,CAN,CPI,ENRG,IDX2015,M,Jun-22,162.2526
1470,195031,CAN,CPI,ENRG,IDX2015,M,Jul-22,153.4876
1471,195032,CAN,CPI,ENRG,IDX2015,M,Aug-22,143.5183
1472,195033,CAN,CPI,ENRG,IDX2015,M,Sep-22,137.2289
1473,195034,CAN,CPI,ENRG,IDX2015,M,Oct-22,145.7931
1474,195035,CAN,CPI,ENRG,IDX2015,M,Nov-22,143.5852
1475,195036,CAN,CPI,ENRG,IDX2015,M,Dec-22,132.2777
