,LOCATION,INDICATOR,SUBJECT,MEASURE,FREQUENCY,TIME,CPI
35074,CAN,CPI,FOOD,AGRWTH,M,Jan-62,0.6493506
35075,CAN,CPI,FOOD,AGRWTH,M,Feb-62,0.6493506
35076,CAN,CPI,FOOD,AGRWTH,M,Mar-62,0.0
35077,CAN,CPI,FOOD,AGRWTH,M,Apr-62,1.298701
35078,CAN,CPI,FOOD,AGRWTH,M,May-62,1.315789
35079,CAN,CPI,FOOD,AGRWTH,M,Jun-62,1.960784
35080,CAN,CPI,FOOD,AGRWTH,M,Jul-62,1.935484
35081,CAN,CPI,FOOD,AGRWTH,M,Aug-62,2.580645
35082,CAN,CPI,FOOD,AGRWTH,M,Sep-62,3.289474
35083,CAN,CPI,FOOD,AGRWTH,M,Oct-62,3.267974
35084,CAN,CPI,FOOD,AGRWTH,M,Nov-62,3.267974
35085,CAN,CPI,FOOD,AGRWTH,M,Dec-62,2.597403
35086,CAN,CPI,FOOD,AGRWTH,M,Jan-63,3.225806
35087,CAN,CPI,FOOD,AGRWTH,M,Feb-63,3.870968
35088,CAN,CPI,FOOD,AGRWTH,M,Mar-63,3.896104
35089,CAN,CPI,FOOD,AGRWTH,M,Apr-63,2.564103
35090,CAN,CPI,FOOD,AGRWTH,M,May-63,3.246753
35091,CAN,CPI,FOOD,AGRWTH,M,Jun-63,3.205128
35092,CAN,CPI,FOOD,AGRWTH,M,Jul-63,3.797468
35093,CAN,CPI,FOOD,AGRWTH,M,Aug-63,3.773585
35094,CAN,CPI,FOOD,AGRWTH,M,Sep-63,3.821656
35095,CAN,CPI,FOOD,AGRWTH,M,Oct-63,1.898734
35096,CAN,CPI,FOOD,AGRWTH,M,Nov-63,2.531646
35097,CAN,CPI,FOOD,AGRWTH,M,Dec-63,2.531646
35098,CAN,CPI,FOOD,AGRWTH,M,Jan-64,1.25
35099,CAN,CPI,FOOD,AGRWTH,M,Feb-64,0.621118
35100,CAN,CPI,FOOD,AGRWTH,M,Mar-64,1.25
35101,CAN,CPI,FOOD,AGRWTH,M,Apr-64,1.25
35102,CAN,CPI,FOOD,AGRWTH,M,May-64,1.886792
35103,CAN,CPI,FOOD,AGRWTH,M,Jun-64,1.863354
35104,CAN,CPI,FOOD,AGRWTH,M,Jul-64,2.439024
35105,CAN,CPI,FOOD,AGRWTH,M,Aug-64,1.212121
35106,CAN,CPI,FOOD,AGRWTH,M,Sep-64,0.613497
35107,CAN,CPI,FOOD,AGRWTH,M,Oct-64,0.0
35108,CAN,CPI,FOOD,AGRWTH,M,Nov-64,0.0
35109,CAN,CPI,FOOD,AGRWTH,M,Dec-64,1.234568
35110,CAN,CPI,FOOD,AGRWTH,M,Jan-65,0.6172839
35111,CAN,CPI,FOOD,AGRWTH,M,Feb-65,1.234568
35112,CAN,CPI,FOOD,AGRWTH,M,Mar-65,1.234568
35113,CAN,CPI,FOOD,AGRWTH,M,Apr-65,1.234568
35114,CAN,CPI,FOOD,AGRWTH,M,May-65,2.469136
35115,CAN,CPI,FOOD,AGRWTH,M,Jun-65,3.658537
35116,CAN,CPI,FOOD,AGRWTH,M,Jul-65,2.976191
35117,CAN,CPI,FOOD,AGRWTH,M,Aug-65,1.796407
35118,CAN,CPI,FOOD,AGRWTH,M,Sep-65,2.439024
35119,CAN,CPI,FOOD,AGRWTH,M,Oct-65,3.726708
35120,CAN,CPI,FOOD,AGRWTH,M,Nov-65,4.938272
35121,CAN,CPI,FOOD,AGRWTH,M,Dec-65,5.487805
35122,CAN,CPI,FOOD,AGRWTH,M,Jan-66,6.134969
35123,CAN,CPI,FOOD,AGRWTH,M,Feb-66,6.707317
35124,CAN,CPI,FOOD,AGRWTH,M,Mar-66,8.536586
35125,CAN,CPI,FOOD,AGRWTH,M,Apr-66,8.536586
35126,CAN,CPI,FOOD,AGRWTH,M,May-66,7.228916
35127,CAN,CPI,FOOD,AGRWTH,M,Jun-66,5.294117
35128,CAN,CPI,FOOD,AGRWTH,M,Jul-66,3.468208
35129,CAN,CPI,FOOD,AGRWTH,M,Aug-66,8.235294
35130,CAN,CPI,FOOD,AGRWTH,M,Sep-66,7.738095
35131,CAN,CPI,FOOD,AGRWTH,M,Oct-66,7.185629
35132,CAN,CPI,FOOD,AGRWTH,M,Nov-66,4.705883
35133,CAN,CPI,FOOD,AGRWTH,M,Dec-66,2.890173
35134,CAN,CPI,FOOD,AGRWTH,M,Jan-67,2.890173
35135,CAN,CPI,FOOD,AGRWTH,M,Feb-67,0.5714286
35136,CAN,CPI,FOOD,AGRWTH,M,Mar-67,-1.685393
35137,CAN,CPI,FOOD,AGRWTH,M,Apr-67,-1.685393
35138,CAN,CPI,FOOD,AGRWTH,M,May-67,-1.685393
35139,CAN,CPI,FOOD,AGRWTH,M,Jun-67,-1.117318
35140,CAN,CPI,FOOD,AGRWTH,M,Jul-67,1.675978
35141,CAN,CPI,FOOD,AGRWTH,M,Aug-67,0.5434783
35142,CAN,CPI,FOOD,AGRWTH,M,Sep-67,0.0
35143,CAN,CPI,FOOD,AGRWTH,M,Oct-67,0.0
35144,CAN,CPI,FOOD,AGRWTH,M,Nov-67,1.123595
35145,CAN,CPI,FOOD,AGRWTH,M,Dec-67,1.685393
35146,CAN,CPI,FOOD,AGRWTH,M,Jan-68,3.370786
35147,CAN,CPI,FOOD,AGRWTH,M,Feb-68,3.977273
35148,CAN,CPI,FOOD,AGRWTH,M,Mar-68,3.428571
35149,CAN,CPI,FOOD,AGRWTH,M,Apr-68,4.571429
35150,CAN,CPI,FOOD,AGRWTH,M,May-68,3.428571
35151,CAN,CPI,FOOD,AGRWTH,M,Jun-68,2.824859
35152,CAN,CPI,FOOD,AGRWTH,M,Jul-68,1.648352
35153,CAN,CPI,FOOD,AGRWTH,M,Aug-68,1.621622
35154,CAN,CPI,FOOD,AGRWTH,M,Sep-68,3.314917
35155,CAN,CPI,FOOD,AGRWTH,M,Oct-68,3.351955
35156,CAN,CPI,FOOD,AGRWTH,M,Nov-68,3.888889
35157,CAN,CPI,FOOD,AGRWTH,M,Dec-68,4.419889
35158,CAN,CPI,FOOD,AGRWTH,M,Jan-69,2.717391
35159,CAN,CPI,FOOD,AGRWTH,M,Feb-69,2.185792
35160,CAN,CPI,FOOD,AGRWTH,M,Mar-69,3.314917
35161,CAN,CPI,FOOD,AGRWTH,M,Apr-69,3.278688
35162,CAN,CPI,FOOD,AGRWTH,M,May-69,4.419889
35163,CAN,CPI,FOOD,AGRWTH,M,Jun-69,6.593407
35164,CAN,CPI,FOOD,AGRWTH,M,Jul-69,4.864865
35165,CAN,CPI,FOOD,AGRWTH,M,Aug-69,5.319149
35166,CAN,CPI,FOOD,AGRWTH,M,Sep-69,3.743315
35167,CAN,CPI,FOOD,AGRWTH,M,Oct-69,3.783784
35168,CAN,CPI,FOOD,AGRWTH,M,Nov-69,3.743315
35169,CAN,CPI,FOOD,AGRWTH,M,Dec-69,3.174603
35170,CAN,CPI,FOOD,AGRWTH,M,Jan-70,3.174603
35171,CAN,CPI,FOOD,AGRWTH,M,Feb-70,5.882353
35172,CAN,CPI,FOOD,AGRWTH,M,Mar-70,4.812834
35173,CAN,CPI,FOOD,AGRWTH,M,Apr-70,5.291005
35174,CAN,CPI,FOOD,AGRWTH,M,May-70,3.174603
35175,CAN,CPI,FOOD,AGRWTH,M,Jun-70,1.546392
35176,CAN,CPI,FOOD,AGRWTH,M,Jul-70,2.061856
35177,CAN,CPI,FOOD,AGRWTH,M,Aug-70,0.5050505
35178,CAN,CPI,FOOD,AGRWTH,M,Sep-70,0.0
35179,CAN,CPI,FOOD,AGRWTH,M,Oct-70,0.0
35180,CAN,CPI,FOOD,AGRWTH,M,Nov-70,-2.57732
35181,CAN,CPI,FOOD,AGRWTH,M,Dec-70,-4.102564
35182,CAN,CPI,FOOD,AGRWTH,M,Jan-71,-3.589744
35183,CAN,CPI,FOOD,AGRWTH,M,Feb-71,-4.545455
35184,CAN,CPI,FOOD,AGRWTH,M,Mar-71,-3.061224
35185,CAN,CPI,FOOD,AGRWTH,M,Apr-71,-3.015075
35186,CAN,CPI,FOOD,AGRWTH,M,May-71,-0.5128205
35187,CAN,CPI,FOOD,AGRWTH,M,Jun-71,-1.522843
35188,CAN,CPI,FOOD,AGRWTH,M,Jul-71,0.5050505
35189,CAN,CPI,FOOD,AGRWTH,M,Aug-71,2.512563
35190,CAN,CPI,FOOD,AGRWTH,M,Sep-71,3.092783
35191,CAN,CPI,FOOD,AGRWTH,M,Oct-71,3.645833
35192,CAN,CPI,FOOD,AGRWTH,M,Nov-71,5.291005
35193,CAN,CPI,FOOD,AGRWTH,M,Dec-71,8.02139
35194,CAN,CPI,FOOD,AGRWTH,M,Jan-72,8.510638
35195,CAN,CPI,FOOD,AGRWTH,M,Feb-72,8.994709
35196,CAN,CPI,FOOD,AGRWTH,M,Mar-72,7.368421
35197,CAN,CPI,FOOD,AGRWTH,M,Apr-72,6.735751
35198,CAN,CPI,FOOD,AGRWTH,M,May-72,5.154639
35199,CAN,CPI,FOOD,AGRWTH,M,Jun-72,5.154639
35200,CAN,CPI,FOOD,AGRWTH,M,Jul-72,7.035176
35201,CAN,CPI,FOOD,AGRWTH,M,Aug-72,7.352941
35202,CAN,CPI,FOOD,AGRWTH,M,Sep-72,9.5
35203,CAN,CPI,FOOD,AGRWTH,M,Oct-72,9.045226
35204,CAN,CPI,FOOD,AGRWTH,M,Nov-72,9.045226
35205,CAN,CPI,FOOD,AGRWTH,M,Dec-72,8.415842
35206,CAN,CPI,FOOD,AGRWTH,M,Jan-73,9.803922
35207,CAN,CPI,FOOD,AGRWTH,M,Feb-73,10.67961
35208,CAN,CPI,FOOD,AGRWTH,M,Mar-73,11.76471
35209,CAN,CPI,FOOD,AGRWTH,M,Apr-73,13.59223
35210,CAN,CPI,FOOD,AGRWTH,M,May-73,15.68627
35211,CAN,CPI,FOOD,AGRWTH,M,Jun-73,18.13725
35212,CAN,CPI,FOOD,AGRWTH,M,Jul-73,15.49296
35213,CAN,CPI,FOOD,AGRWTH,M,Aug-73,15.98174
35214,CAN,CPI,FOOD,AGRWTH,M,Sep-73,16.43836
35215,CAN,CPI,FOOD,AGRWTH,M,Oct-73,17.05069
35216,CAN,CPI,FOOD,AGRWTH,M,Nov-73,17.97235
35217,CAN,CPI,FOOD,AGRWTH,M,Dec-73,16.89498
35218,CAN,CPI,FOOD,AGRWTH,M,Jan-74,16.07143
35219,CAN,CPI,FOOD,AGRWTH,M,Feb-74,16.66667
35220,CAN,CPI,FOOD,AGRWTH,M,Mar-74,18.42105
35221,CAN,CPI,FOOD,AGRWTH,M,Apr-74,15.38461
35222,CAN,CPI,FOOD,AGRWTH,M,May-74,17.79661
35223,CAN,CPI,FOOD,AGRWTH,M,Jun-74,16.59751
35224,CAN,CPI,FOOD,AGRWTH,M,Jul-74,15.44715
35225,CAN,CPI,FOOD,AGRWTH,M,Aug-74,13.38583
35226,CAN,CPI,FOOD,AGRWTH,M,Sep-74,12.94118
35227,CAN,CPI,FOOD,AGRWTH,M,Oct-74,14.96063
35228,CAN,CPI,FOOD,AGRWTH,M,Nov-74,15.23438
35229,CAN,CPI,FOOD,AGRWTH,M,Dec-74,17.1875
35230,CAN,CPI,FOOD,AGRWTH,M,Jan-75,15.38461
35231,CAN,CPI,FOOD,AGRWTH,M,Feb-75,13.90977
35232,CAN,CPI,FOOD,AGRWTH,M,Mar-75,11.85185
35233,CAN,CPI,FOOD,AGRWTH,M,Apr-75,12.22222
35234,CAN,CPI,FOOD,AGRWTH,M,May-75,10.07194
35235,CAN,CPI,FOOD,AGRWTH,M,Jun-75,13.16726
35236,CAN,CPI,FOOD,AGRWTH,M,Jul-75,14.78873
35237,CAN,CPI,FOOD,AGRWTH,M,Aug-75,14.23611
35238,CAN,CPI,FOOD,AGRWTH,M,Sep-75,13.19444
35239,CAN,CPI,FOOD,AGRWTH,M,Oct-75,11.9863
35240,CAN,CPI,FOOD,AGRWTH,M,Nov-75,11.52542
35241,CAN,CPI,FOOD,AGRWTH,M,Dec-75,8.666667
35242,CAN,CPI,FOOD,AGRWTH,M,Jan-76,8.333333
35243,CAN,CPI,FOOD,AGRWTH,M,Feb-76,6.60066
35244,CAN,CPI,FOOD,AGRWTH,M,Mar-76,5.960265
35245,CAN,CPI,FOOD,AGRWTH,M,Apr-76,4.950495
35246,CAN,CPI,FOOD,AGRWTH,M,May-76,5.555555
35247,CAN,CPI,FOOD,AGRWTH,M,Jun-76,1.886792
35248,CAN,CPI,FOOD,AGRWTH,M,Jul-76,-0.3067485
35249,CAN,CPI,FOOD,AGRWTH,M,Aug-76,-2.12766
35250,CAN,CPI,FOOD,AGRWTH,M,Sep-76,-1.840491
35251,CAN,CPI,FOOD,AGRWTH,M,Oct-76,-2.140673
35252,CAN,CPI,FOOD,AGRWTH,M,Nov-76,-3.647416
35253,CAN,CPI,FOOD,AGRWTH,M,Dec-76,-2.453988
35254,CAN,CPI,FOOD,AGRWTH,M,Jan-77,-0.6153846
35255,CAN,CPI,FOOD,AGRWTH,M,Feb-77,2.167183
35256,CAN,CPI,FOOD,AGRWTH,M,Mar-77,4.0625
35257,CAN,CPI,FOOD,AGRWTH,M,Apr-77,6.289308
35258,CAN,CPI,FOOD,AGRWTH,M,May-77,6.19195
35259,CAN,CPI,FOOD,AGRWTH,M,Jun-77,7.407407
35260,CAN,CPI,FOOD,AGRWTH,M,Jul-77,9.230769
35261,CAN,CPI,FOOD,AGRWTH,M,Aug-77,11.18012
35262,CAN,CPI,FOOD,AGRWTH,M,Sep-77,12.1875
35263,CAN,CPI,FOOD,AGRWTH,M,Oct-77,14.0625
35264,CAN,CPI,FOOD,AGRWTH,M,Nov-77,16.08833
35265,CAN,CPI,FOOD,AGRWTH,M,Dec-77,17.92453
35266,CAN,CPI,FOOD,AGRWTH,M,Jan-78,17.02786
35267,CAN,CPI,FOOD,AGRWTH,M,Feb-78,15.45455
35268,CAN,CPI,FOOD,AGRWTH,M,Mar-78,16.21622
35269,CAN,CPI,FOOD,AGRWTH,M,Apr-78,16.8639
35270,CAN,CPI,FOOD,AGRWTH,M,May-78,19.53353
35271,CAN,CPI,FOOD,AGRWTH,M,Jun-78,20.4023
35272,CAN,CPI,FOOD,AGRWTH,M,Jul-78,23.38028
35273,CAN,CPI,FOOD,AGRWTH,M,Aug-78,20.11173
35274,CAN,CPI,FOOD,AGRWTH,M,Sep-78,16.15599
35275,CAN,CPI,FOOD,AGRWTH,M,Oct-78,15.61644
35276,CAN,CPI,FOOD,AGRWTH,M,Nov-78,14.94565
35277,CAN,CPI,FOOD,AGRWTH,M,Dec-78,13.6
35278,CAN,CPI,FOOD,AGRWTH,M,Jan-79,15.34391
35279,CAN,CPI,FOOD,AGRWTH,M,Feb-79,17.32283
35280,CAN,CPI,FOOD,AGRWTH,M,Mar-79,18.86305
35281,CAN,CPI,FOOD,AGRWTH,M,Apr-79,17.72152
35282,CAN,CPI,FOOD,AGRWTH,M,May-79,13.65854
35283,CAN,CPI,FOOD,AGRWTH,M,Jun-79,11.21718
35284,CAN,CPI,FOOD,AGRWTH,M,Jul-79,8.675799
35285,CAN,CPI,FOOD,AGRWTH,M,Aug-79,9.534883
35286,CAN,CPI,FOOD,AGRWTH,M,Sep-79,12.94964
35287,CAN,CPI,FOOD,AGRWTH,M,Oct-79,12.55924
35288,CAN,CPI,FOOD,AGRWTH,M,Nov-79,12.29314
35289,CAN,CPI,FOOD,AGRWTH,M,Dec-79,13.14554
35290,CAN,CPI,FOOD,AGRWTH,M,Jan-80,10.77982
35291,CAN,CPI,FOOD,AGRWTH,M,Feb-80,9.8434
35292,CAN,CPI,FOOD,AGRWTH,M,Mar-80,7.826087
35293,CAN,CPI,FOOD,AGRWTH,M,Apr-80,6.666667
35294,CAN,CPI,FOOD,AGRWTH,M,May-80,7.725322
35295,CAN,CPI,FOOD,AGRWTH,M,Jun-80,10.72961
35296,CAN,CPI,FOOD,AGRWTH,M,Jul-80,9.243697
35297,CAN,CPI,FOOD,AGRWTH,M,Aug-80,12.31423
35298,CAN,CPI,FOOD,AGRWTH,M,Sep-80,14.22505
35299,CAN,CPI,FOOD,AGRWTH,M,Oct-80,13.89474
35300,CAN,CPI,FOOD,AGRWTH,M,Nov-80,15.1579
35301,CAN,CPI,FOOD,AGRWTH,M,Dec-80,14.93776
35302,CAN,CPI,FOOD,AGRWTH,M,Jan-81,15.32091
35303,CAN,CPI,FOOD,AGRWTH,M,Feb-81,15.47861
35304,CAN,CPI,FOOD,AGRWTH,M,Mar-81,15.12097
35305,CAN,CPI,FOOD,AGRWTH,M,Apr-81,16.12903
35306,CAN,CPI,FOOD,AGRWTH,M,May-81,13.94422
35307,CAN,CPI,FOOD,AGRWTH,M,Jun-81,13.17829
35308,CAN,CPI,FOOD,AGRWTH,M,Jul-81,13.84615
35309,CAN,CPI,FOOD,AGRWTH,M,Aug-81,11.90926
35310,CAN,CPI,FOOD,AGRWTH,M,Sep-81,9.665427
35311,CAN,CPI,FOOD,AGRWTH,M,Oct-81,8.872458
35312,CAN,CPI,FOOD,AGRWTH,M,Nov-81,7.129799
35313,CAN,CPI,FOOD,AGRWTH,M,Dec-81,4.512635
35314,CAN,CPI,FOOD,AGRWTH,M,Jan-82,5.02693
35315,CAN,CPI,FOOD,AGRWTH,M,Feb-82,5.291005
35316,CAN,CPI,FOOD,AGRWTH,M,Mar-82,5.429072
35317,CAN,CPI,FOOD,AGRWTH,M,Apr-82,5.381945
35318,CAN,CPI,FOOD,AGRWTH,M,May-82,8.741259
35319,CAN,CPI,FOOD,AGRWTH,M,Jun-82,8.90411
35320,CAN,CPI,FOOD,AGRWTH,M,Jul-82,7.939189
35321,CAN,CPI,FOOD,AGRWTH,M,Aug-82,6.418919
35322,CAN,CPI,FOOD,AGRWTH,M,Sep-82,5.59322
35323,CAN,CPI,FOOD,AGRWTH,M,Oct-82,5.093379
35324,CAN,CPI,FOOD,AGRWTH,M,Nov-82,6.143345
35325,CAN,CPI,FOOD,AGRWTH,M,Dec-82,6.56304
35326,CAN,CPI,FOOD,AGRWTH,M,Jan-83,5.470086
35327,CAN,CPI,FOOD,AGRWTH,M,Feb-83,4.187605
35328,CAN,CPI,FOOD,AGRWTH,M,Mar-83,2.990033
35329,CAN,CPI,FOOD,AGRWTH,M,Apr-83,3.294893
35330,CAN,CPI,FOOD,AGRWTH,M,May-83,3.054662
35331,CAN,CPI,FOOD,AGRWTH,M,Jun-83,0.9433962
35332,CAN,CPI,FOOD,AGRWTH,M,Jul-83,0.9389671
35333,CAN,CPI,FOOD,AGRWTH,M,Aug-83,2.380952
35334,CAN,CPI,FOOD,AGRWTH,M,Sep-83,1.926164
35335,CAN,CPI,FOOD,AGRWTH,M,Oct-83,3.877221
35336,CAN,CPI,FOOD,AGRWTH,M,Nov-83,2.572347
35337,CAN,CPI,FOOD,AGRWTH,M,Dec-83,3.727715
35338,CAN,CPI,FOOD,AGRWTH,M,Jan-84,6.158833
35339,CAN,CPI,FOOD,AGRWTH,M,Feb-84,6.913183
35340,CAN,CPI,FOOD,AGRWTH,M,Mar-84,8.387096
35341,CAN,CPI,FOOD,AGRWTH,M,Apr-84,7.336523
35342,CAN,CPI,FOOD,AGRWTH,M,May-84,4.680187
35343,CAN,CPI,FOOD,AGRWTH,M,Jun-84,6.074766
35344,CAN,CPI,FOOD,AGRWTH,M,Jul-84,6.666667
35345,CAN,CPI,FOOD,AGRWTH,M,Aug-84,5.581395
35346,CAN,CPI,FOOD,AGRWTH,M,Sep-84,5.984252
35347,CAN,CPI,FOOD,AGRWTH,M,Oct-84,4.66563
35348,CAN,CPI,FOOD,AGRWTH,M,Nov-84,5.485893
35349,CAN,CPI,FOOD,AGRWTH,M,Dec-84,5.0
35350,CAN,CPI,FOOD,AGRWTH,M,Jan-85,3.969466
35351,CAN,CPI,FOOD,AGRWTH,M,Feb-85,3.759398
35352,CAN,CPI,FOOD,AGRWTH,M,Mar-85,2.380952
35353,CAN,CPI,FOOD,AGRWTH,M,Apr-85,3.71471
35354,CAN,CPI,FOOD,AGRWTH,M,May-85,2.980626
35355,CAN,CPI,FOOD,AGRWTH,M,Jun-85,2.0558
35356,CAN,CPI,FOOD,AGRWTH,M,Jul-85,1.744186
35357,CAN,CPI,FOOD,AGRWTH,M,Aug-85,1.762115
35358,CAN,CPI,FOOD,AGRWTH,M,Sep-85,1.337296
35359,CAN,CPI,FOOD,AGRWTH,M,Oct-85,0.8915305
35360,CAN,CPI,FOOD,AGRWTH,M,Nov-85,1.485884
35361,CAN,CPI,FOOD,AGRWTH,M,Dec-85,3.422619
35362,CAN,CPI,FOOD,AGRWTH,M,Jan-86,3.964758
35363,CAN,CPI,FOOD,AGRWTH,M,Feb-86,1.884058
35364,CAN,CPI,FOOD,AGRWTH,M,Mar-86,2.180233
35365,CAN,CPI,FOOD,AGRWTH,M,Apr-86,1.862464
35366,CAN,CPI,FOOD,AGRWTH,M,May-86,4.052098
35367,CAN,CPI,FOOD,AGRWTH,M,Jun-86,3.597122
35368,CAN,CPI,FOOD,AGRWTH,M,Jul-86,4.142857
35369,CAN,CPI,FOOD,AGRWTH,M,Aug-86,5.772006
35370,CAN,CPI,FOOD,AGRWTH,M,Sep-86,8.211143
35371,CAN,CPI,FOOD,AGRWTH,M,Oct-86,8.9838
35372,CAN,CPI,FOOD,AGRWTH,M,Nov-86,9.077599
35373,CAN,CPI,FOOD,AGRWTH,M,Dec-86,6.906475
35374,CAN,CPI,FOOD,AGRWTH,M,Jan-87,6.214689
35375,CAN,CPI,FOOD,AGRWTH,M,Feb-87,6.970128
35376,CAN,CPI,FOOD,AGRWTH,M,Mar-87,6.685633
35377,CAN,CPI,FOOD,AGRWTH,M,Apr-87,5.485232
35378,CAN,CPI,FOOD,AGRWTH,M,May-87,5.4242
35379,CAN,CPI,FOOD,AGRWTH,M,Jun-87,7.083333
35380,CAN,CPI,FOOD,AGRWTH,M,Jul-87,5.898491
35381,CAN,CPI,FOOD,AGRWTH,M,Aug-87,3.683492
35382,CAN,CPI,FOOD,AGRWTH,M,Sep-87,2.168022
35383,CAN,CPI,FOOD,AGRWTH,M,Oct-87,2.027027
35384,CAN,CPI,FOOD,AGRWTH,M,Nov-87,1.744966
35385,CAN,CPI,FOOD,AGRWTH,M,Dec-87,1.615074
35386,CAN,CPI,FOOD,AGRWTH,M,Jan-88,1.728723
35387,CAN,CPI,FOOD,AGRWTH,M,Feb-88,1.329787
35388,CAN,CPI,FOOD,AGRWTH,M,Mar-88,1.066667
35389,CAN,CPI,FOOD,AGRWTH,M,Apr-88,1.733333
35390,CAN,CPI,FOOD,AGRWTH,M,May-88,1.319261
35391,CAN,CPI,FOOD,AGRWTH,M,Jun-88,0.6485084
35392,CAN,CPI,FOOD,AGRWTH,M,Jul-88,1.42487
35393,CAN,CPI,FOOD,AGRWTH,M,Aug-88,3.289474
35394,CAN,CPI,FOOD,AGRWTH,M,Sep-88,3.713528
35395,CAN,CPI,FOOD,AGRWTH,M,Oct-88,3.443709
35396,CAN,CPI,FOOD,AGRWTH,M,Nov-88,2.242744
35397,CAN,CPI,FOOD,AGRWTH,M,Dec-88,1.986755
35398,CAN,CPI,FOOD,AGRWTH,M,Jan-89,2.222222
35399,CAN,CPI,FOOD,AGRWTH,M,Feb-89,3.543307
35400,CAN,CPI,FOOD,AGRWTH,M,Mar-89,3.957784
35401,CAN,CPI,FOOD,AGRWTH,M,Apr-89,3.800786
35402,CAN,CPI,FOOD,AGRWTH,M,May-89,3.90625
35403,CAN,CPI,FOOD,AGRWTH,M,Jun-89,3.608248
35404,CAN,CPI,FOOD,AGRWTH,M,Jul-89,3.57599
35405,CAN,CPI,FOOD,AGRWTH,M,Aug-89,2.420382
35406,CAN,CPI,FOOD,AGRWTH,M,Sep-89,2.046036
35407,CAN,CPI,FOOD,AGRWTH,M,Oct-89,2.432779
35408,CAN,CPI,FOOD,AGRWTH,M,Nov-89,3.096774
35409,CAN,CPI,FOOD,AGRWTH,M,Dec-89,2.857143
35410,CAN,CPI,FOOD,AGRWTH,M,Jan-90,4.60358
35411,CAN,CPI,FOOD,AGRWTH,M,Feb-90,4.816223
35412,CAN,CPI,FOOD,AGRWTH,M,Mar-90,5.203046
35413,CAN,CPI,FOOD,AGRWTH,M,Apr-90,3.409091
35414,CAN,CPI,FOOD,AGRWTH,M,May-90,2.756892
35415,CAN,CPI,FOOD,AGRWTH,M,Jun-90,3.980099
35416,CAN,CPI,FOOD,AGRWTH,M,Jul-90,3.699137
35417,CAN,CPI,FOOD,AGRWTH,M,Aug-90,3.109453
35418,CAN,CPI,FOOD,AGRWTH,M,Sep-90,3.508772
35419,CAN,CPI,FOOD,AGRWTH,M,Oct-90,3.75
35420,CAN,CPI,FOOD,AGRWTH,M,Nov-90,4.005006
35421,CAN,CPI,FOOD,AGRWTH,M,Dec-90,4.040404
35422,CAN,CPI,FOOD,AGRWTH,M,Jan-91,3.667482
35423,CAN,CPI,FOOD,AGRWTH,M,Feb-91,2.41838
35424,CAN,CPI,FOOD,AGRWTH,M,Mar-91,2.412545
35425,CAN,CPI,FOOD,AGRWTH,M,Apr-91,4.273504
35426,CAN,CPI,FOOD,AGRWTH,M,May-91,4.146341
35427,CAN,CPI,FOOD,AGRWTH,M,Jun-91,4.904306
35428,CAN,CPI,FOOD,AGRWTH,M,Jul-91,3.32937
35429,CAN,CPI,FOOD,AGRWTH,M,Aug-91,3.015682
35430,CAN,CPI,FOOD,AGRWTH,M,Sep-91,1.331719
35431,CAN,CPI,FOOD,AGRWTH,M,Oct-91,-0.6024097
35432,CAN,CPI,FOOD,AGRWTH,M,Nov-91,-0.4813478
35433,CAN,CPI,FOOD,AGRWTH,M,Dec-91,-0.8495145
35434,CAN,CPI,FOOD,AGRWTH,M,Jan-92,-2.59434
35435,CAN,CPI,FOOD,AGRWTH,M,Feb-92,-2.361275
35436,CAN,CPI,FOOD,AGRWTH,M,Mar-92,-1.88457
35437,CAN,CPI,FOOD,AGRWTH,M,Apr-92,-1.990632
35438,CAN,CPI,FOOD,AGRWTH,M,May-92,-2.34192
35439,CAN,CPI,FOOD,AGRWTH,M,Jun-92,-3.876853
35440,CAN,CPI,FOOD,AGRWTH,M,Jul-92,-3.222094
35441,CAN,CPI,FOOD,AGRWTH,M,Aug-92,-1.75644
35442,CAN,CPI,FOOD,AGRWTH,M,Sep-92,-0.4778973
35443,CAN,CPI,FOOD,AGRWTH,M,Oct-92,0.6060606
35444,CAN,CPI,FOOD,AGRWTH,M,Nov-92,0.7255139
35445,CAN,CPI,FOOD,AGRWTH,M,Dec-92,2.44798
35446,CAN,CPI,FOOD,AGRWTH,M,Jan-93,2.421308
35447,CAN,CPI,FOOD,AGRWTH,M,Feb-93,3.022974
35448,CAN,CPI,FOOD,AGRWTH,M,Mar-93,1.680672
35449,CAN,CPI,FOOD,AGRWTH,M,Apr-93,0.8363202
35450,CAN,CPI,FOOD,AGRWTH,M,May-93,2.517986
35451,CAN,CPI,FOOD,AGRWTH,M,Jun-93,1.542112
35452,CAN,CPI,FOOD,AGRWTH,M,Jul-93,1.664685
35453,CAN,CPI,FOOD,AGRWTH,M,Aug-93,1.191895
35454,CAN,CPI,FOOD,AGRWTH,M,Sep-93,1.320528
35455,CAN,CPI,FOOD,AGRWTH,M,Oct-93,1.686747
35456,CAN,CPI,FOOD,AGRWTH,M,Nov-93,1.920768
35457,CAN,CPI,FOOD,AGRWTH,M,Dec-93,2.031063
35458,CAN,CPI,FOOD,AGRWTH,M,Jan-94,1.41844
35459,CAN,CPI,FOOD,AGRWTH,M,Feb-94,0.0
35460,CAN,CPI,FOOD,AGRWTH,M,Mar-94,-0.472255
35461,CAN,CPI,FOOD,AGRWTH,M,Apr-94,0.4739336
35462,CAN,CPI,FOOD,AGRWTH,M,May-94,-0.8187134
35463,CAN,CPI,FOOD,AGRWTH,M,Jun-94,-0.4672897
35464,CAN,CPI,FOOD,AGRWTH,M,Jul-94,0.3508772
35465,CAN,CPI,FOOD,AGRWTH,M,Aug-94,0.5889282
35466,CAN,CPI,FOOD,AGRWTH,M,Sep-94,0.0
35467,CAN,CPI,FOOD,AGRWTH,M,Oct-94,0.3554502
35468,CAN,CPI,FOOD,AGRWTH,M,Nov-94,0.0
35469,CAN,CPI,FOOD,AGRWTH,M,Dec-94,-0.234192
35470,CAN,CPI,FOOD,AGRWTH,M,Jan-95,1.398601
35471,CAN,CPI,FOOD,AGRWTH,M,Feb-95,2.816901
35472,CAN,CPI,FOOD,AGRWTH,M,Mar-95,3.677343
35473,CAN,CPI,FOOD,AGRWTH,M,Apr-95,4.716981
35474,CAN,CPI,FOOD,AGRWTH,M,May-95,3.65566
35475,CAN,CPI,FOOD,AGRWTH,M,Jun-95,3.403756
35476,CAN,CPI,FOOD,AGRWTH,M,Jul-95,2.564103
35477,CAN,CPI,FOOD,AGRWTH,M,Aug-95,1.639344
35478,CAN,CPI,FOOD,AGRWTH,M,Sep-95,2.369668
35479,CAN,CPI,FOOD,AGRWTH,M,Oct-95,2.007084
35480,CAN,CPI,FOOD,AGRWTH,M,Nov-95,1.766784
35481,CAN,CPI,FOOD,AGRWTH,M,Dec-95,1.995305
35482,CAN,CPI,FOOD,AGRWTH,M,Jan-96,0.4597701
35483,CAN,CPI,FOOD,AGRWTH,M,Feb-96,-0.2283105
35484,CAN,CPI,FOOD,AGRWTH,M,Mar-96,0.3432494
35485,CAN,CPI,FOOD,AGRWTH,M,Apr-96,0.0
35486,CAN,CPI,FOOD,AGRWTH,M,May-96,0.3412969
35487,CAN,CPI,FOOD,AGRWTH,M,Jun-96,0.908059
35488,CAN,CPI,FOOD,AGRWTH,M,Jul-96,0.6818182
35489,CAN,CPI,FOOD,AGRWTH,M,Aug-96,1.612903
35490,CAN,CPI,FOOD,AGRWTH,M,Sep-96,1.62037
35491,CAN,CPI,FOOD,AGRWTH,M,Oct-96,2.430556
35492,CAN,CPI,FOOD,AGRWTH,M,Nov-96,3.356482
35493,CAN,CPI,FOOD,AGRWTH,M,Dec-96,2.416571
35494,CAN,CPI,FOOD,AGRWTH,M,Jan-97,2.517163
35495,CAN,CPI,FOOD,AGRWTH,M,Feb-97,2.745996
35496,CAN,CPI,FOOD,AGRWTH,M,Mar-97,2.280502
35497,CAN,CPI,FOOD,AGRWTH,M,Apr-97,0.6756757
35498,CAN,CPI,FOOD,AGRWTH,M,May-97,1.814059
35499,CAN,CPI,FOOD,AGRWTH,M,Jun-97,1.349831
35500,CAN,CPI,FOOD,AGRWTH,M,Jul-97,2.257336
35501,CAN,CPI,FOOD,AGRWTH,M,Aug-97,1.814059
35502,CAN,CPI,FOOD,AGRWTH,M,Sep-97,1.025057
35503,CAN,CPI,FOOD,AGRWTH,M,Oct-97,0.4519774
35504,CAN,CPI,FOOD,AGRWTH,M,Nov-97,0.6718925
35505,CAN,CPI,FOOD,AGRWTH,M,Dec-97,0.8988764
35506,CAN,CPI,FOOD,AGRWTH,M,Jan-98,2.455357
35507,CAN,CPI,FOOD,AGRWTH,M,Feb-98,1.113586
35508,CAN,CPI,FOOD,AGRWTH,M,Mar-98,1.560758
35509,CAN,CPI,FOOD,AGRWTH,M,Apr-98,1.565996
35510,CAN,CPI,FOOD,AGRWTH,M,May-98,1.670379
35511,CAN,CPI,FOOD,AGRWTH,M,Jun-98,2.330744
35512,CAN,CPI,FOOD,AGRWTH,M,Jul-98,1.214128
35513,CAN,CPI,FOOD,AGRWTH,M,Aug-98,1.224944
35514,CAN,CPI,FOOD,AGRWTH,M,Sep-98,1.240135
35515,CAN,CPI,FOOD,AGRWTH,M,Oct-98,1.124859
35516,CAN,CPI,FOOD,AGRWTH,M,Nov-98,1.668521
35517,CAN,CPI,FOOD,AGRWTH,M,Dec-98,1.670379
35518,CAN,CPI,FOOD,AGRWTH,M,Jan-99,1.089325
35519,CAN,CPI,FOOD,AGRWTH,M,Feb-99,1.431718
35520,CAN,CPI,FOOD,AGRWTH,M,Mar-99,1.207464
35521,CAN,CPI,FOOD,AGRWTH,M,Apr-99,1.762115
35522,CAN,CPI,FOOD,AGRWTH,M,May-99,1.423877
35523,CAN,CPI,FOOD,AGRWTH,M,Jun-99,0.8676789
35524,CAN,CPI,FOOD,AGRWTH,M,Jul-99,1.090513
35525,CAN,CPI,FOOD,AGRWTH,M,Aug-99,0.770077
35526,CAN,CPI,FOOD,AGRWTH,M,Sep-99,1.113586
35527,CAN,CPI,FOOD,AGRWTH,M,Oct-99,1.112347
35528,CAN,CPI,FOOD,AGRWTH,M,Nov-99,0.1094092
35529,CAN,CPI,FOOD,AGRWTH,M,Dec-99,0.6571742
35530,CAN,CPI,FOOD,AGRWTH,M,Jan-00,-1.185345
35531,CAN,CPI,FOOD,AGRWTH,M,Feb-00,-0.7600434
35532,CAN,CPI,FOOD,AGRWTH,M,Mar-00,-0.3253796
35533,CAN,CPI,FOOD,AGRWTH,M,Apr-00,-0.3246753
35534,CAN,CPI,FOOD,AGRWTH,M,May-00,0.4319654
35535,CAN,CPI,FOOD,AGRWTH,M,Jun-00,0.8602151
35536,CAN,CPI,FOOD,AGRWTH,M,Jul-00,1.833873
35537,CAN,CPI,FOOD,AGRWTH,M,Aug-00,2.510917
35538,CAN,CPI,FOOD,AGRWTH,M,Sep-00,2.202643
35539,CAN,CPI,FOOD,AGRWTH,M,Oct-00,1.760176
35540,CAN,CPI,FOOD,AGRWTH,M,Nov-00,2.295082
35541,CAN,CPI,FOOD,AGRWTH,M,Dec-00,3.59086
35542,CAN,CPI,FOOD,AGRWTH,M,Jan-01,3.925845
35543,CAN,CPI,FOOD,AGRWTH,M,Feb-01,5.36105
35544,CAN,CPI,FOOD,AGRWTH,M,Mar-01,5.875952
35545,CAN,CPI,FOOD,AGRWTH,M,Apr-01,6.080348
35546,CAN,CPI,FOOD,AGRWTH,M,May-01,6.129032
35547,CAN,CPI,FOOD,AGRWTH,M,Jun-01,5.330491
35548,CAN,CPI,FOOD,AGRWTH,M,Jul-01,4.978814
35549,CAN,CPI,FOOD,AGRWTH,M,Aug-01,4.259851
35550,CAN,CPI,FOOD,AGRWTH,M,Sep-01,4.418103
35551,CAN,CPI,FOOD,AGRWTH,M,Oct-01,4.432433
35552,CAN,CPI,FOOD,AGRWTH,M,Nov-01,3.846154
35553,CAN,CPI,FOOD,AGRWTH,M,Dec-01,3.571429
35554,CAN,CPI,FOOD,AGRWTH,M,Jan-02,4.931794
35555,CAN,CPI,FOOD,AGRWTH,M,Feb-02,4.569055
35556,CAN,CPI,FOOD,AGRWTH,M,Mar-02,3.186023
35557,CAN,CPI,FOOD,AGRWTH,M,Apr-02,3.275333
35558,CAN,CPI,FOOD,AGRWTH,M,May-02,1.621074
35559,CAN,CPI,FOOD,AGRWTH,M,Jun-02,1.923077
35560,CAN,CPI,FOOD,AGRWTH,M,Jul-02,1.513623
35561,CAN,CPI,FOOD,AGRWTH,M,Aug-02,1.838611
35562,CAN,CPI,FOOD,AGRWTH,M,Sep-02,1.547988
35563,CAN,CPI,FOOD,AGRWTH,M,Oct-02,1.138716
35564,CAN,CPI,FOOD,AGRWTH,M,Nov-02,2.777778
35565,CAN,CPI,FOOD,AGRWTH,M,Dec-02,2.129817
35566,CAN,CPI,FOOD,AGRWTH,M,Jan-03,1.8
35567,CAN,CPI,FOOD,AGRWTH,M,Feb-03,0.7944389
35568,CAN,CPI,FOOD,AGRWTH,M,Mar-03,1.294821
35569,CAN,CPI,FOOD,AGRWTH,M,Apr-03,0.7928642
35570,CAN,CPI,FOOD,AGRWTH,M,May-03,1.794616
35571,CAN,CPI,FOOD,AGRWTH,M,Jun-03,1.688183
35572,CAN,CPI,FOOD,AGRWTH,M,Jul-03,1.689861
35573,CAN,CPI,FOOD,AGRWTH,M,Aug-03,1.303912
35574,CAN,CPI,FOOD,AGRWTH,M,Sep-03,1.626016
35575,CAN,CPI,FOOD,AGRWTH,M,Oct-03,1.944729
35576,CAN,CPI,FOOD,AGRWTH,M,Nov-03,1.101101
35577,CAN,CPI,FOOD,AGRWTH,M,Dec-03,1.489573
35578,CAN,CPI,FOOD,AGRWTH,M,Jan-04,0.3929273
35579,CAN,CPI,FOOD,AGRWTH,M,Feb-04,0.3940887
35580,CAN,CPI,FOOD,AGRWTH,M,Mar-04,0.3933137
35581,CAN,CPI,FOOD,AGRWTH,M,Apr-04,0.0
35582,CAN,CPI,FOOD,AGRWTH,M,May-04,0.6856024
35583,CAN,CPI,FOOD,AGRWTH,M,Jun-04,1.757813
35584,CAN,CPI,FOOD,AGRWTH,M,Jul-04,1.661779
35585,CAN,CPI,FOOD,AGRWTH,M,Aug-04,2.574257
35586,CAN,CPI,FOOD,AGRWTH,M,Sep-04,2.8
35587,CAN,CPI,FOOD,AGRWTH,M,Oct-04,3.815261
35588,CAN,CPI,FOOD,AGRWTH,M,Nov-04,3.762376
35589,CAN,CPI,FOOD,AGRWTH,M,Dec-04,3.131115
35590,CAN,CPI,FOOD,AGRWTH,M,Jan-05,2.544031
35591,CAN,CPI,FOOD,AGRWTH,M,Feb-05,2.453386
35592,CAN,CPI,FOOD,AGRWTH,M,Mar-05,2.840353
35593,CAN,CPI,FOOD,AGRWTH,M,Apr-05,4.424779
35594,CAN,CPI,FOOD,AGRWTH,M,May-05,3.501945
35595,CAN,CPI,FOOD,AGRWTH,M,Jun-05,2.399232
35596,CAN,CPI,FOOD,AGRWTH,M,Jul-05,2.211539
35597,CAN,CPI,FOOD,AGRWTH,M,Aug-05,2.316602
35598,CAN,CPI,FOOD,AGRWTH,M,Sep-05,1.653697
35599,CAN,CPI,FOOD,AGRWTH,M,Oct-05,1.450677
35600,CAN,CPI,FOOD,AGRWTH,M,Nov-05,0.7633588
35601,CAN,CPI,FOOD,AGRWTH,M,Dec-05,1.043643
35602,CAN,CPI,FOOD,AGRWTH,M,Jan-06,2.862595
35603,CAN,CPI,FOOD,AGRWTH,M,Feb-06,2.873563
35604,CAN,CPI,FOOD,AGRWTH,M,Mar-06,2.095238
35605,CAN,CPI,FOOD,AGRWTH,M,Apr-06,0.6591337
35606,CAN,CPI,FOOD,AGRWTH,M,May-06,1.221804
35607,CAN,CPI,FOOD,AGRWTH,M,Jun-06,1.405811
35608,CAN,CPI,FOOD,AGRWTH,M,Jul-06,2.069614
35609,CAN,CPI,FOOD,AGRWTH,M,Aug-06,2.264151
35610,CAN,CPI,FOOD,AGRWTH,M,Sep-06,3.157895
35611,CAN,CPI,FOOD,AGRWTH,M,Oct-06,3.145853
35612,CAN,CPI,FOOD,AGRWTH,M,Nov-06,3.314394
35613,CAN,CPI,FOOD,AGRWTH,M,Dec-06,2.253521
35614,CAN,CPI,FOOD,AGRWTH,M,Jan-07,2.226345
35615,CAN,CPI,FOOD,AGRWTH,M,Feb-07,4.748603
35616,CAN,CPI,FOOD,AGRWTH,M,Mar-07,4.384328
35617,CAN,CPI,FOOD,AGRWTH,M,Apr-07,4.490178
35618,CAN,CPI,FOOD,AGRWTH,M,May-07,3.992572
35619,CAN,CPI,FOOD,AGRWTH,M,Jun-07,3.419593
35620,CAN,CPI,FOOD,AGRWTH,M,Jul-07,2.672811
35621,CAN,CPI,FOOD,AGRWTH,M,Aug-07,2.02952
35622,CAN,CPI,FOOD,AGRWTH,M,Sep-07,1.298701
35623,CAN,CPI,FOOD,AGRWTH,M,Oct-07,0.6469501
35624,CAN,CPI,FOOD,AGRWTH,M,Nov-07,0.6416132
35625,CAN,CPI,FOOD,AGRWTH,M,Dec-07,1.101928
35626,CAN,CPI,FOOD,AGRWTH,M,Jan-08,1.088929
35627,CAN,CPI,FOOD,AGRWTH,M,Feb-08,-0.6222222
35628,CAN,CPI,FOOD,AGRWTH,M,Mar-08,-0.2680965
35629,CAN,CPI,FOOD,AGRWTH,M,Apr-08,0.8952551
35630,CAN,CPI,FOOD,AGRWTH,M,May-08,1.875
35631,CAN,CPI,FOOD,AGRWTH,M,Jun-08,3.038427
35632,CAN,CPI,FOOD,AGRWTH,M,Jul-08,4.308797
35633,CAN,CPI,FOOD,AGRWTH,M,Aug-08,5.244123
35634,CAN,CPI,FOOD,AGRWTH,M,Sep-08,6.684982
35635,CAN,CPI,FOOD,AGRWTH,M,Oct-08,7.254362
35636,CAN,CPI,FOOD,AGRWTH,M,Nov-08,9.016394
35637,CAN,CPI,FOOD,AGRWTH,M,Dec-08,8.991826
35638,CAN,CPI,FOOD,AGRWTH,M,Jan-09,8.617595
35639,CAN,CPI,FOOD,AGRWTH,M,Feb-09,8.944544
35640,CAN,CPI,FOOD,AGRWTH,M,Mar-09,9.498208
35641,CAN,CPI,FOOD,AGRWTH,M,Apr-09,8.340728
35642,CAN,CPI,FOOD,AGRWTH,M,May-09,7.361963
35643,CAN,CPI,FOOD,AGRWTH,M,Jun-09,6.41804
35644,CAN,CPI,FOOD,AGRWTH,M,Jul-09,5.593804
35645,CAN,CPI,FOOD,AGRWTH,M,Aug-09,4.381444
35646,CAN,CPI,FOOD,AGRWTH,M,Sep-09,2.746781
35647,CAN,CPI,FOOD,AGRWTH,M,Oct-09,2.140411
35648,CAN,CPI,FOOD,AGRWTH,M,Nov-09,1.253133
35649,CAN,CPI,FOOD,AGRWTH,M,Dec-09,1.25
35650,CAN,CPI,FOOD,AGRWTH,M,Jan-10,0.9090909
35651,CAN,CPI,FOOD,AGRWTH,M,Feb-10,0.5747126
35652,CAN,CPI,FOOD,AGRWTH,M,Mar-10,0.7364975
35653,CAN,CPI,FOOD,AGRWTH,M,Apr-10,0.4095004
35654,CAN,CPI,FOOD,AGRWTH,M,May-10,0.244898
35655,CAN,CPI,FOOD,AGRWTH,M,Jun-10,0.08149959
35656,CAN,CPI,FOOD,AGRWTH,M,Jul-10,0.5704972
35657,CAN,CPI,FOOD,AGRWTH,M,Aug-10,1.234568
35658,CAN,CPI,FOOD,AGRWTH,M,Sep-10,2.172097
35659,CAN,CPI,FOOD,AGRWTH,M,Oct-10,2.095557
35660,CAN,CPI,FOOD,AGRWTH,M,Nov-10,0.990099
35661,CAN,CPI,FOOD,AGRWTH,M,Dec-10,1.399177
35662,CAN,CPI,FOOD,AGRWTH,M,Jan-11,1.883702
35663,CAN,CPI,FOOD,AGRWTH,M,Feb-11,1.959184
35664,CAN,CPI,FOOD,AGRWTH,M,Mar-11,3.655565
35665,CAN,CPI,FOOD,AGRWTH,M,Apr-11,3.670473
35666,CAN,CPI,FOOD,AGRWTH,M,May-11,4.234528
35667,CAN,CPI,FOOD,AGRWTH,M,Jun-11,4.80456
35668,CAN,CPI,FOOD,AGRWTH,M,Jul-11,5.105349
35669,CAN,CPI,FOOD,AGRWTH,M,Aug-11,5.04065
35670,CAN,CPI,FOOD,AGRWTH,M,Sep-11,4.824203
35671,CAN,CPI,FOOD,AGRWTH,M,Oct-11,4.926108
35672,CAN,CPI,FOOD,AGRWTH,M,Nov-11,5.718954
35673,CAN,CPI,FOOD,AGRWTH,M,Dec-11,5.032467
35674,CAN,CPI,FOOD,AGRWTH,M,Jan-12,4.903537
35675,CAN,CPI,FOOD,AGRWTH,M,Feb-12,4.723779
35676,CAN,CPI,FOOD,AGRWTH,M,Mar-12,1.959248
35677,CAN,CPI,FOOD,AGRWTH,M,Apr-12,2.360346
35678,CAN,CPI,FOOD,AGRWTH,M,May-12,2.5
35679,CAN,CPI,FOOD,AGRWTH,M,Jun-12,1.787102
35680,CAN,CPI,FOOD,AGRWTH,M,Jul-12,1.927525
35681,CAN,CPI,FOOD,AGRWTH,M,Aug-12,2.244582
35682,CAN,CPI,FOOD,AGRWTH,M,Sep-12,1.404056
35683,CAN,CPI,FOOD,AGRWTH,M,Oct-12,1.877934
35684,CAN,CPI,FOOD,AGRWTH,M,Nov-12,1.468315
35685,CAN,CPI,FOOD,AGRWTH,M,Dec-12,1.236476
35686,CAN,CPI,FOOD,AGRWTH,M,Jan-13,0.6130268
35687,CAN,CPI,FOOD,AGRWTH,M,Feb-13,1.75841
35688,CAN,CPI,FOOD,AGRWTH,M,Mar-13,1.691007
35689,CAN,CPI,FOOD,AGRWTH,M,Apr-13,1.691007
35690,CAN,CPI,FOOD,AGRWTH,M,May-13,1.295732
35691,CAN,CPI,FOOD,AGRWTH,M,Jun-13,1.29771
35692,CAN,CPI,FOOD,AGRWTH,M,Jul-13,0.4538578
35693,CAN,CPI,FOOD,AGRWTH,M,Aug-13,0.6813021
35694,CAN,CPI,FOOD,AGRWTH,M,Sep-13,1.076923
35695,CAN,CPI,FOOD,AGRWTH,M,Oct-13,0.6912442
35696,CAN,CPI,FOOD,AGRWTH,M,Nov-13,1.06626
35697,CAN,CPI,FOOD,AGRWTH,M,Dec-13,0.7633588
35698,CAN,CPI,FOOD,AGRWTH,M,Jan-14,0.990099
35699,CAN,CPI,FOOD,AGRWTH,M,Feb-14,0.9767092
35700,CAN,CPI,FOOD,AGRWTH,M,Mar-14,1.738473
35701,CAN,CPI,FOOD,AGRWTH,M,Apr-14,1.738473
35702,CAN,CPI,FOOD,AGRWTH,M,May-14,2.48307
35703,CAN,CPI,FOOD,AGRWTH,M,Jun-14,3.240392
35704,CAN,CPI,FOOD,AGRWTH,M,Jul-14,3.162651
35705,CAN,CPI,FOOD,AGRWTH,M,Aug-14,2.255639
35706,CAN,CPI,FOOD,AGRWTH,M,Sep-14,2.968036
35707,CAN,CPI,FOOD,AGRWTH,M,Oct-14,3.051106
35708,CAN,CPI,FOOD,AGRWTH,M,Nov-14,3.31575
35709,CAN,CPI,FOOD,AGRWTH,M,Dec-14,4.242424
35710,CAN,CPI,FOOD,AGRWTH,M,Jan-15,5.354449
35711,CAN,CPI,FOOD,AGRWTH,M,Feb-15,4.315476
35712,CAN,CPI,FOOD,AGRWTH,M,Mar-15,4.160475
35713,CAN,CPI,FOOD,AGRWTH,M,Apr-15,4.011887
35714,CAN,CPI,FOOD,AGRWTH,M,May-15,4.1116
35715,CAN,CPI,FOOD,AGRWTH,M,Jun-15,3.576642
35716,CAN,CPI,FOOD,AGRWTH,M,Jul-15,3.50365
35717,CAN,CPI,FOOD,AGRWTH,M,Aug-15,3.970588
35718,CAN,CPI,FOOD,AGRWTH,M,Sep-15,3.917221
35719,CAN,CPI,FOOD,AGRWTH,M,Oct-15,4.589193
35720,CAN,CPI,FOOD,AGRWTH,M,Nov-15,3.719913
35721,CAN,CPI,FOOD,AGRWTH,M,Dec-15,4.069767
35722,CAN,CPI,FOOD,AGRWTH,M,Jan-16,4.581245
35723,CAN,CPI,FOOD,AGRWTH,M,Feb-16,4.422254
35724,CAN,CPI,FOOD,AGRWTH,M,Mar-16,3.994294
35725,CAN,CPI,FOOD,AGRWTH,M,Apr-16,3.285714
35726,CAN,CPI,FOOD,AGRWTH,M,May-16,1.410437
35727,CAN,CPI,FOOD,AGRWTH,M,Jun-16,0.845666
35728,CAN,CPI,FOOD,AGRWTH,M,Jul-16,1.12835
35729,CAN,CPI,FOOD,AGRWTH,M,Aug-16,0.4243281
35730,CAN,CPI,FOOD,AGRWTH,M,Sep-16,-0.9246088
35731,CAN,CPI,FOOD,AGRWTH,M,Oct-16,-2.052371
35732,CAN,CPI,FOOD,AGRWTH,M,Nov-16,-1.969058
35733,CAN,CPI,FOOD,AGRWTH,M,Dec-16,-2.793296
35734,CAN,CPI,FOOD,AGRWTH,M,Jan-17,-3.969884
35735,CAN,CPI,FOOD,AGRWTH,M,Feb-17,-4.098361
35736,CAN,CPI,FOOD,AGRWTH,M,Mar-17,-3.56653
35737,CAN,CPI,FOOD,AGRWTH,M,Apr-17,-2.558783
35738,CAN,CPI,FOOD,AGRWTH,M,May-17,-1.182197
35739,CAN,CPI,FOOD,AGRWTH,M,Jun-17,-0.349406
35740,CAN,CPI,FOOD,AGRWTH,M,Jul-17,-0.13947
35741,CAN,CPI,FOOD,AGRWTH,M,Aug-17,0.2816902
35742,CAN,CPI,FOOD,AGRWTH,M,Sep-17,0.8614501
35743,CAN,CPI,FOOD,AGRWTH,M,Oct-17,0.5780347
35744,CAN,CPI,FOOD,AGRWTH,M,Nov-17,0.9325681
35745,CAN,CPI,FOOD,AGRWTH,M,Dec-17,1.508621
35746,CAN,CPI,FOOD,AGRWTH,M,Jan-18,1.639344
35747,CAN,CPI,FOOD,AGRWTH,M,Feb-18,1.353276
35748,CAN,CPI,FOOD,AGRWTH,M,Mar-18,0.4978663
35749,CAN,CPI,FOOD,AGRWTH,M,Apr-18,0.7097232
35750,CAN,CPI,FOOD,AGRWTH,M,May-18,-0.4926108
35751,CAN,CPI,FOOD,AGRWTH,M,Jun-18,0.07012623
35752,CAN,CPI,FOOD,AGRWTH,M,Jul-18,0.0698324
35753,CAN,CPI,FOOD,AGRWTH,M,Aug-18,0.2808989
35754,CAN,CPI,FOOD,AGRWTH,M,Sep-18,0.6405694
35755,CAN,CPI,FOOD,AGRWTH,M,Oct-18,1.077586
35756,CAN,CPI,FOOD,AGRWTH,M,Nov-18,1.421464
35757,CAN,CPI,FOOD,AGRWTH,M,Dec-18,2.476999
35758,CAN,CPI,FOOD,AGRWTH,M,Jan-19,2.454418
35759,CAN,CPI,FOOD,AGRWTH,M,Feb-19,3.373155
35760,CAN,CPI,FOOD,AGRWTH,M,Mar-19,4.03397
35761,CAN,CPI,FOOD,AGRWTH,M,Apr-19,2.959831
35762,CAN,CPI,FOOD,AGRWTH,M,May-19,4.031117
35763,CAN,CPI,FOOD,AGRWTH,M,Jun-19,3.924317
35764,CAN,CPI,FOOD,AGRWTH,M,Jul-19,4.18702
35765,CAN,CPI,FOOD,AGRWTH,M,Aug-19,3.921569
35766,CAN,CPI,FOOD,AGRWTH,M,Sep-19,4.101839
35767,CAN,CPI,FOOD,AGRWTH,M,Oct-19,4.122246
35768,CAN,CPI,FOOD,AGRWTH,M,Nov-19,3.85424
35769,CAN,CPI,FOOD,AGRWTH,M,Dec-19,3.176795
35770,CAN,CPI,FOOD,AGRWTH,M,Jan-20,3.764545
35771,CAN,CPI,FOOD,AGRWTH,M,Feb-20,2.379334
35772,CAN,CPI,FOOD,AGRWTH,M,Mar-20,2.380952
35773,CAN,CPI,FOOD,AGRWTH,M,Apr-20,3.969884
35774,CAN,CPI,FOOD,AGRWTH,M,May-20,3.53501
35775,CAN,CPI,FOOD,AGRWTH,M,Jun-20,3.03439
35776,CAN,CPI,FOOD,AGRWTH,M,Jul-20,2.411252
35777,CAN,CPI,FOOD,AGRWTH,M,Aug-20,1.617251
35778,CAN,CPI,FOOD,AGRWTH,M,Sep-20,1.290761
35779,CAN,CPI,FOOD,AGRWTH,M,Oct-20,2.320819
35780,CAN,CPI,FOOD,AGRWTH,M,Nov-20,1.619433
35781,CAN,CPI,FOOD,AGRWTH,M,Dec-20,0.5354753
35782,CAN,CPI,FOOD,AGRWTH,M,Jan-21,0.06596306
35783,CAN,CPI,FOOD,AGRWTH,M,Feb-21,1.328021
35784,CAN,CPI,FOOD,AGRWTH,M,Mar-21,1.328904
35785,CAN,CPI,FOOD,AGRWTH,M,Apr-21,0.06583279
35786,CAN,CPI,FOOD,AGRWTH,M,May-21,0.8535784
35787,CAN,CPI,FOOD,AGRWTH,M,Jun-21,0.6544502
35788,CAN,CPI,FOOD,AGRWTH,M,Jul-21,0.9810334
35789,CAN,CPI,FOOD,AGRWTH,M,Aug-21,2.586207
35790,CAN,CPI,FOOD,AGRWTH,M,Sep-21,4.225352
35791,CAN,CPI,FOOD,AGRWTH,M,Oct-21,3.935957
35792,CAN,CPI,FOOD,AGRWTH,M,Nov-21,4.714476
35793,CAN,CPI,FOOD,AGRWTH,M,Dec-21,5.725699
35794,CAN,CPI,FOOD,AGRWTH,M,Jan-22,6.460119
35795,CAN,CPI,FOOD,AGRWTH,M,Feb-22,7.40498
35796,CAN,CPI,FOOD,AGRWTH,M,Mar-22,8.655738
35797,CAN,CPI,FOOD,AGRWTH,M,Apr-22,9.736842
35798,CAN,CPI,FOOD,AGRWTH,M,May-22,9.700521
35799,CAN,CPI,FOOD,AGRWTH,M,Jun-22,9.427829
35800,CAN,CPI,FOOD,AGRWTH,M,Jul-22,9.909327
35801,CAN,CPI,FOOD,AGRWTH,M,Aug-22,10.79509
35802,CAN,CPI,FOOD,AGRWTH,M,Sep-22,11.38996
35803,CAN,CPI,FOOD,AGRWTH,M,Oct-22,11.03979
35804,CAN,CPI,FOOD,AGRWTH,M,Nov-22,11.41408
35805,CAN,CPI,FOOD,AGRWTH,M,Dec-22,11.02015
195037,CAN,CPI,FOOD,IDX2015,M,Jan-61,10.90716
195038,CAN,CPI,FOOD,IDX2015,M,Feb-61,10.90716
195039,CAN,CPI,FOOD,IDX2015,M,Mar-61,10.90716
195040,CAN,CPI,FOOD,IDX2015,M,Apr-61,10.90716
195041,CAN,CPI,FOOD,IDX2015,M,May-61,10.76551
195042,CAN,CPI,FOOD,IDX2015,M,Jun-61,10.83633
195043,CAN,CPI,FOOD,IDX2015,M,Jul-61,10.97799
195044,CAN,CPI,FOOD,IDX2015,M,Aug-61,10.97799
195045,CAN,CPI,FOOD,IDX2015,M,Sep-61,10.76551
195046,CAN,CPI,FOOD,IDX2015,M,Oct-61,10.83633
195047,CAN,CPI,FOOD,IDX2015,M,Nov-61,10.83633
195048,CAN,CPI,FOOD,IDX2015,M,Dec-61,10.90716
195049,CAN,CPI,FOOD,IDX2015,M,Jan-62,10.97799
195050,CAN,CPI,FOOD,IDX2015,M,Feb-62,10.97799
195051,CAN,CPI,FOOD,IDX2015,M,Mar-62,10.90716
195052,CAN,CPI,FOOD,IDX2015,M,Apr-62,11.04881
195053,CAN,CPI,FOOD,IDX2015,M,May-62,10.90716
195054,CAN,CPI,FOOD,IDX2015,M,Jun-62,11.04881
195055,CAN,CPI,FOOD,IDX2015,M,Jul-62,11.19046
195056,CAN,CPI,FOOD,IDX2015,M,Aug-62,11.26129
195057,CAN,CPI,FOOD,IDX2015,M,Sep-62,11.11964
195058,CAN,CPI,FOOD,IDX2015,M,Oct-62,11.19046
195059,CAN,CPI,FOOD,IDX2015,M,Nov-62,11.19046
195060,CAN,CPI,FOOD,IDX2015,M,Dec-62,11.19046
195061,CAN,CPI,FOOD,IDX2015,M,Jan-63,11.33211
195062,CAN,CPI,FOOD,IDX2015,M,Feb-63,11.40294
195063,CAN,CPI,FOOD,IDX2015,M,Mar-63,11.33211
195064,CAN,CPI,FOOD,IDX2015,M,Apr-63,11.33211
195065,CAN,CPI,FOOD,IDX2015,M,May-63,11.26129
195066,CAN,CPI,FOOD,IDX2015,M,Jun-63,11.40294
195067,CAN,CPI,FOOD,IDX2015,M,Jul-63,11.61542
195068,CAN,CPI,FOOD,IDX2015,M,Aug-63,11.68624
195069,CAN,CPI,FOOD,IDX2015,M,Sep-63,11.54459
195070,CAN,CPI,FOOD,IDX2015,M,Oct-63,11.40294
195071,CAN,CPI,FOOD,IDX2015,M,Nov-63,11.47377
195072,CAN,CPI,FOOD,IDX2015,M,Dec-63,11.47377
195073,CAN,CPI,FOOD,IDX2015,M,Jan-64,11.47377
195074,CAN,CPI,FOOD,IDX2015,M,Feb-64,11.47377
195075,CAN,CPI,FOOD,IDX2015,M,Mar-64,11.47377
195076,CAN,CPI,FOOD,IDX2015,M,Apr-64,11.47377
195077,CAN,CPI,FOOD,IDX2015,M,May-64,11.47377
195078,CAN,CPI,FOOD,IDX2015,M,Jun-64,11.61542
195079,CAN,CPI,FOOD,IDX2015,M,Jul-64,11.89872
195080,CAN,CPI,FOOD,IDX2015,M,Aug-64,11.82789
195081,CAN,CPI,FOOD,IDX2015,M,Sep-64,11.61542
195082,CAN,CPI,FOOD,IDX2015,M,Oct-64,11.40294
195083,CAN,CPI,FOOD,IDX2015,M,Nov-64,11.47377
195084,CAN,CPI,FOOD,IDX2015,M,Dec-64,11.61542
195085,CAN,CPI,FOOD,IDX2015,M,Jan-65,11.54459
195086,CAN,CPI,FOOD,IDX2015,M,Feb-65,11.61542
195087,CAN,CPI,FOOD,IDX2015,M,Mar-65,11.61542
195088,CAN,CPI,FOOD,IDX2015,M,Apr-65,11.61542
195089,CAN,CPI,FOOD,IDX2015,M,May-65,11.75707
195090,CAN,CPI,FOOD,IDX2015,M,Jun-65,12.04037
195091,CAN,CPI,FOOD,IDX2015,M,Jul-65,12.25285
195092,CAN,CPI,FOOD,IDX2015,M,Aug-65,12.04037
195093,CAN,CPI,FOOD,IDX2015,M,Sep-65,11.89872
195094,CAN,CPI,FOOD,IDX2015,M,Oct-65,11.82789
195095,CAN,CPI,FOOD,IDX2015,M,Nov-65,12.04037
195096,CAN,CPI,FOOD,IDX2015,M,Dec-65,12.25285
195097,CAN,CPI,FOOD,IDX2015,M,Jan-66,12.25285
195098,CAN,CPI,FOOD,IDX2015,M,Feb-66,12.3945
195099,CAN,CPI,FOOD,IDX2015,M,Mar-66,12.60698
195100,CAN,CPI,FOOD,IDX2015,M,Apr-66,12.60698
195101,CAN,CPI,FOOD,IDX2015,M,May-66,12.60698
195102,CAN,CPI,FOOD,IDX2015,M,Jun-66,12.6778
195103,CAN,CPI,FOOD,IDX2015,M,Jul-66,12.6778
195104,CAN,CPI,FOOD,IDX2015,M,Aug-66,13.03193
195105,CAN,CPI,FOOD,IDX2015,M,Sep-66,12.81945
195106,CAN,CPI,FOOD,IDX2015,M,Oct-66,12.6778
195107,CAN,CPI,FOOD,IDX2015,M,Nov-66,12.60698
195108,CAN,CPI,FOOD,IDX2015,M,Dec-66,12.60698
195109,CAN,CPI,FOOD,IDX2015,M,Jan-67,12.60698
195110,CAN,CPI,FOOD,IDX2015,M,Feb-67,12.46533
195111,CAN,CPI,FOOD,IDX2015,M,Mar-67,12.3945
195112,CAN,CPI,FOOD,IDX2015,M,Apr-67,12.3945
195113,CAN,CPI,FOOD,IDX2015,M,May-67,12.3945
195114,CAN,CPI,FOOD,IDX2015,M,Jun-67,12.53615
195115,CAN,CPI,FOOD,IDX2015,M,Jul-67,12.89028
195116,CAN,CPI,FOOD,IDX2015,M,Aug-67,13.10276
195117,CAN,CPI,FOOD,IDX2015,M,Sep-67,12.81945
195118,CAN,CPI,FOOD,IDX2015,M,Oct-67,12.6778
195119,CAN,CPI,FOOD,IDX2015,M,Nov-67,12.74863
195120,CAN,CPI,FOOD,IDX2015,M,Dec-67,12.81945
195121,CAN,CPI,FOOD,IDX2015,M,Jan-68,13.03193
195122,CAN,CPI,FOOD,IDX2015,M,Feb-68,12.96111
195123,CAN,CPI,FOOD,IDX2015,M,Mar-68,12.81945
195124,CAN,CPI,FOOD,IDX2015,M,Apr-68,12.96111
195125,CAN,CPI,FOOD,IDX2015,M,May-68,12.81945
195126,CAN,CPI,FOOD,IDX2015,M,Jun-68,12.89028
195127,CAN,CPI,FOOD,IDX2015,M,Jul-68,13.10276
195128,CAN,CPI,FOOD,IDX2015,M,Aug-68,13.31523
195129,CAN,CPI,FOOD,IDX2015,M,Sep-68,13.24441
195130,CAN,CPI,FOOD,IDX2015,M,Oct-68,13.10276
195131,CAN,CPI,FOOD,IDX2015,M,Nov-68,13.24441
195132,CAN,CPI,FOOD,IDX2015,M,Dec-68,13.38606
195133,CAN,CPI,FOOD,IDX2015,M,Jan-69,13.38606
195134,CAN,CPI,FOOD,IDX2015,M,Feb-69,13.24441
195135,CAN,CPI,FOOD,IDX2015,M,Mar-69,13.24441
195136,CAN,CPI,FOOD,IDX2015,M,Apr-69,13.38606
195137,CAN,CPI,FOOD,IDX2015,M,May-69,13.38606
195138,CAN,CPI,FOOD,IDX2015,M,Jun-69,13.74019
195139,CAN,CPI,FOOD,IDX2015,M,Jul-69,13.74019
195140,CAN,CPI,FOOD,IDX2015,M,Aug-69,14.02349
195141,CAN,CPI,FOOD,IDX2015,M,Sep-69,13.74019
195142,CAN,CPI,FOOD,IDX2015,M,Oct-69,13.59854
195143,CAN,CPI,FOOD,IDX2015,M,Nov-69,13.74019
195144,CAN,CPI,FOOD,IDX2015,M,Dec-69,13.81101
195145,CAN,CPI,FOOD,IDX2015,M,Jan-70,13.81101
195146,CAN,CPI,FOOD,IDX2015,M,Feb-70,14.02349
195147,CAN,CPI,FOOD,IDX2015,M,Mar-70,13.88184
195148,CAN,CPI,FOOD,IDX2015,M,Apr-70,14.09432
195149,CAN,CPI,FOOD,IDX2015,M,May-70,13.81101
195150,CAN,CPI,FOOD,IDX2015,M,Jun-70,13.95266
195151,CAN,CPI,FOOD,IDX2015,M,Jul-70,14.02349
195152,CAN,CPI,FOOD,IDX2015,M,Aug-70,14.09432
195153,CAN,CPI,FOOD,IDX2015,M,Sep-70,13.74019
195154,CAN,CPI,FOOD,IDX2015,M,Oct-70,13.59854
195155,CAN,CPI,FOOD,IDX2015,M,Nov-70,13.38606
195156,CAN,CPI,FOOD,IDX2015,M,Dec-70,13.24441
195157,CAN,CPI,FOOD,IDX2015,M,Jan-71,13.31523
195158,CAN,CPI,FOOD,IDX2015,M,Feb-71,13.38606
195159,CAN,CPI,FOOD,IDX2015,M,Mar-71,13.45688
195160,CAN,CPI,FOOD,IDX2015,M,Apr-71,13.66936
195161,CAN,CPI,FOOD,IDX2015,M,May-71,13.74019
195162,CAN,CPI,FOOD,IDX2015,M,Jun-71,13.74019
195163,CAN,CPI,FOOD,IDX2015,M,Jul-71,14.09432
195164,CAN,CPI,FOOD,IDX2015,M,Aug-71,14.44844
195165,CAN,CPI,FOOD,IDX2015,M,Sep-71,14.16514
195166,CAN,CPI,FOOD,IDX2015,M,Oct-71,14.09432
195167,CAN,CPI,FOOD,IDX2015,M,Nov-71,14.09432
195168,CAN,CPI,FOOD,IDX2015,M,Dec-71,14.30679
195169,CAN,CPI,FOOD,IDX2015,M,Jan-72,14.44844
195170,CAN,CPI,FOOD,IDX2015,M,Feb-72,14.5901
195171,CAN,CPI,FOOD,IDX2015,M,Mar-72,14.44844
195172,CAN,CPI,FOOD,IDX2015,M,Apr-72,14.5901
195173,CAN,CPI,FOOD,IDX2015,M,May-72,14.44844
195174,CAN,CPI,FOOD,IDX2015,M,Jun-72,14.44844
195175,CAN,CPI,FOOD,IDX2015,M,Jul-72,15.08588
195176,CAN,CPI,FOOD,IDX2015,M,Aug-72,15.51083
195177,CAN,CPI,FOOD,IDX2015,M,Sep-72,15.51083
195178,CAN,CPI,FOOD,IDX2015,M,Oct-72,15.36918
195179,CAN,CPI,FOOD,IDX2015,M,Nov-72,15.36918
195180,CAN,CPI,FOOD,IDX2015,M,Dec-72,15.51083
195181,CAN,CPI,FOOD,IDX2015,M,Jan-73,15.86496
195182,CAN,CPI,FOOD,IDX2015,M,Feb-73,16.14826
195183,CAN,CPI,FOOD,IDX2015,M,Mar-73,16.14826
195184,CAN,CPI,FOOD,IDX2015,M,Apr-73,16.57322
195185,CAN,CPI,FOOD,IDX2015,M,May-73,16.71487
195186,CAN,CPI,FOOD,IDX2015,M,Jun-73,17.069
195187,CAN,CPI,FOOD,IDX2015,M,Jul-73,17.42312
195188,CAN,CPI,FOOD,IDX2015,M,Aug-73,17.98973
195189,CAN,CPI,FOOD,IDX2015,M,Sep-73,18.06056
195190,CAN,CPI,FOOD,IDX2015,M,Oct-73,17.98973
195191,CAN,CPI,FOOD,IDX2015,M,Nov-73,18.13138
195192,CAN,CPI,FOOD,IDX2015,M,Dec-73,18.13138
195193,CAN,CPI,FOOD,IDX2015,M,Jan-74,18.41468
195194,CAN,CPI,FOOD,IDX2015,M,Feb-74,18.83964
195195,CAN,CPI,FOOD,IDX2015,M,Mar-74,19.12294
195196,CAN,CPI,FOOD,IDX2015,M,Apr-74,19.12294
195197,CAN,CPI,FOOD,IDX2015,M,May-74,19.68955
195198,CAN,CPI,FOOD,IDX2015,M,Jun-74,19.90203
195199,CAN,CPI,FOOD,IDX2015,M,Jul-74,20.1145
195200,CAN,CPI,FOOD,IDX2015,M,Aug-74,20.3978
195201,CAN,CPI,FOOD,IDX2015,M,Sep-74,20.3978
195202,CAN,CPI,FOOD,IDX2015,M,Oct-74,20.68111
195203,CAN,CPI,FOOD,IDX2015,M,Nov-74,20.89359
195204,CAN,CPI,FOOD,IDX2015,M,Dec-74,21.24771
195205,CAN,CPI,FOOD,IDX2015,M,Jan-75,21.24771
195206,CAN,CPI,FOOD,IDX2015,M,Feb-75,21.46019
195207,CAN,CPI,FOOD,IDX2015,M,Mar-75,21.38936
195208,CAN,CPI,FOOD,IDX2015,M,Apr-75,21.46019
195209,CAN,CPI,FOOD,IDX2015,M,May-75,21.67267
195210,CAN,CPI,FOOD,IDX2015,M,Jun-75,22.52258
195211,CAN,CPI,FOOD,IDX2015,M,Jul-75,23.08918
195212,CAN,CPI,FOOD,IDX2015,M,Aug-75,23.30166
195213,CAN,CPI,FOOD,IDX2015,M,Sep-75,23.08918
195214,CAN,CPI,FOOD,IDX2015,M,Oct-75,23.16001
195215,CAN,CPI,FOOD,IDX2015,M,Nov-75,23.30166
195216,CAN,CPI,FOOD,IDX2015,M,Dec-75,23.08918
195217,CAN,CPI,FOOD,IDX2015,M,Jan-76,23.01836
195218,CAN,CPI,FOOD,IDX2015,M,Feb-76,22.87671
195219,CAN,CPI,FOOD,IDX2015,M,Mar-76,22.66423
195220,CAN,CPI,FOOD,IDX2015,M,Apr-76,22.52258
195221,CAN,CPI,FOOD,IDX2015,M,May-76,22.87671
195222,CAN,CPI,FOOD,IDX2015,M,Jun-76,22.94753
195223,CAN,CPI,FOOD,IDX2015,M,Jul-76,23.01836
195224,CAN,CPI,FOOD,IDX2015,M,Aug-76,22.80588
195225,CAN,CPI,FOOD,IDX2015,M,Sep-76,22.66423
195226,CAN,CPI,FOOD,IDX2015,M,Oct-76,22.66423
195227,CAN,CPI,FOOD,IDX2015,M,Nov-76,22.45175
195228,CAN,CPI,FOOD,IDX2015,M,Dec-76,22.52258
195229,CAN,CPI,FOOD,IDX2015,M,Jan-77,22.87671
195230,CAN,CPI,FOOD,IDX2015,M,Feb-77,23.37248
195231,CAN,CPI,FOOD,IDX2015,M,Mar-77,23.58496
195232,CAN,CPI,FOOD,IDX2015,M,Apr-77,23.93909
195233,CAN,CPI,FOOD,IDX2015,M,May-77,24.29322
195234,CAN,CPI,FOOD,IDX2015,M,Jun-77,24.64735
195235,CAN,CPI,FOOD,IDX2015,M,Jul-77,25.14313
195236,CAN,CPI,FOOD,IDX2015,M,Aug-77,25.3556
195237,CAN,CPI,FOOD,IDX2015,M,Sep-77,25.42643
195238,CAN,CPI,FOOD,IDX2015,M,Oct-77,25.85138
195239,CAN,CPI,FOOD,IDX2015,M,Nov-77,26.06386
195240,CAN,CPI,FOOD,IDX2015,M,Dec-77,26.55964
195241,CAN,CPI,FOOD,IDX2015,M,Jan-78,26.77212
195242,CAN,CPI,FOOD,IDX2015,M,Feb-78,26.9846
195243,CAN,CPI,FOOD,IDX2015,M,Mar-78,27.40955
195244,CAN,CPI,FOOD,IDX2015,M,Apr-78,27.97616
195245,CAN,CPI,FOOD,IDX2015,M,May-78,29.03854
195246,CAN,CPI,FOOD,IDX2015,M,Jun-78,29.67597
195247,CAN,CPI,FOOD,IDX2015,M,Jul-78,31.02166
195248,CAN,CPI,FOOD,IDX2015,M,Aug-78,30.45506
195249,CAN,CPI,FOOD,IDX2015,M,Sep-78,29.53432
195250,CAN,CPI,FOOD,IDX2015,M,Oct-78,29.88845
195251,CAN,CPI,FOOD,IDX2015,M,Nov-78,29.95927
195252,CAN,CPI,FOOD,IDX2015,M,Dec-78,30.17175
195253,CAN,CPI,FOOD,IDX2015,M,Jan-79,30.88001
195254,CAN,CPI,FOOD,IDX2015,M,Feb-79,31.65909
195255,CAN,CPI,FOOD,IDX2015,M,Mar-79,32.57983
195256,CAN,CPI,FOOD,IDX2015,M,Apr-79,32.93396
195257,CAN,CPI,FOOD,IDX2015,M,May-79,33.00478
195258,CAN,CPI,FOOD,IDX2015,M,Jun-79,33.00478
195259,CAN,CPI,FOOD,IDX2015,M,Jul-79,33.71304
195260,CAN,CPI,FOOD,IDX2015,M,Aug-79,33.35891
195261,CAN,CPI,FOOD,IDX2015,M,Sep-79,33.35891
195262,CAN,CPI,FOOD,IDX2015,M,Oct-79,33.64221
195263,CAN,CPI,FOOD,IDX2015,M,Nov-79,33.64221
195264,CAN,CPI,FOOD,IDX2015,M,Dec-79,34.13799
195265,CAN,CPI,FOOD,IDX2015,M,Jan-80,34.20882
195266,CAN,CPI,FOOD,IDX2015,M,Feb-80,34.77542
195267,CAN,CPI,FOOD,IDX2015,M,Mar-80,35.12955
195268,CAN,CPI,FOOD,IDX2015,M,Apr-80,35.12955
195269,CAN,CPI,FOOD,IDX2015,M,May-80,35.5545
195270,CAN,CPI,FOOD,IDX2015,M,Jun-80,36.54607
195271,CAN,CPI,FOOD,IDX2015,M,Jul-80,36.82937
195272,CAN,CPI,FOOD,IDX2015,M,Aug-80,37.4668
195273,CAN,CPI,FOOD,IDX2015,M,Sep-80,38.10423
195274,CAN,CPI,FOOD,IDX2015,M,Oct-80,38.31671
195275,CAN,CPI,FOOD,IDX2015,M,Nov-80,38.74166
195276,CAN,CPI,FOOD,IDX2015,M,Dec-80,39.23744
195277,CAN,CPI,FOOD,IDX2015,M,Jan-81,39.44992
195278,CAN,CPI,FOOD,IDX2015,M,Feb-81,40.15818
195279,CAN,CPI,FOOD,IDX2015,M,Mar-81,40.44148
195280,CAN,CPI,FOOD,IDX2015,M,Apr-81,40.79561
195281,CAN,CPI,FOOD,IDX2015,M,May-81,40.51231
195282,CAN,CPI,FOOD,IDX2015,M,Jun-81,41.36221
195283,CAN,CPI,FOOD,IDX2015,M,Jul-81,41.92882
195284,CAN,CPI,FOOD,IDX2015,M,Aug-81,41.92882
195285,CAN,CPI,FOOD,IDX2015,M,Sep-81,41.78717
195286,CAN,CPI,FOOD,IDX2015,M,Oct-81,41.71634
195287,CAN,CPI,FOOD,IDX2015,M,Nov-81,41.50386
195288,CAN,CPI,FOOD,IDX2015,M,Dec-81,41.00809
195289,CAN,CPI,FOOD,IDX2015,M,Jan-82,41.43304
195290,CAN,CPI,FOOD,IDX2015,M,Feb-82,42.28295
195291,CAN,CPI,FOOD,IDX2015,M,Mar-82,42.63708
195292,CAN,CPI,FOOD,IDX2015,M,Apr-82,42.99121
195293,CAN,CPI,FOOD,IDX2015,M,May-82,44.05359
195294,CAN,CPI,FOOD,IDX2015,M,Jun-82,45.04515
195295,CAN,CPI,FOOD,IDX2015,M,Jul-82,45.25763
195296,CAN,CPI,FOOD,IDX2015,M,Aug-82,44.6202
195297,CAN,CPI,FOOD,IDX2015,M,Sep-82,44.12442
195298,CAN,CPI,FOOD,IDX2015,M,Oct-82,43.84111
195299,CAN,CPI,FOOD,IDX2015,M,Nov-82,44.05359
195300,CAN,CPI,FOOD,IDX2015,M,Dec-82,43.69946
195301,CAN,CPI,FOOD,IDX2015,M,Jan-83,43.69946
195302,CAN,CPI,FOOD,IDX2015,M,Feb-83,44.05359
195303,CAN,CPI,FOOD,IDX2015,M,Mar-83,43.91194
195304,CAN,CPI,FOOD,IDX2015,M,Apr-83,44.40772
195305,CAN,CPI,FOOD,IDX2015,M,May-83,45.39928
195306,CAN,CPI,FOOD,IDX2015,M,Jun-83,45.4701
195307,CAN,CPI,FOOD,IDX2015,M,Jul-83,45.68258
195308,CAN,CPI,FOOD,IDX2015,M,Aug-83,45.68258
195309,CAN,CPI,FOOD,IDX2015,M,Sep-83,44.97433
195310,CAN,CPI,FOOD,IDX2015,M,Oct-83,45.54093
195311,CAN,CPI,FOOD,IDX2015,M,Nov-83,45.1868
195312,CAN,CPI,FOOD,IDX2015,M,Dec-83,45.32845
195313,CAN,CPI,FOOD,IDX2015,M,Jan-84,46.39084
195314,CAN,CPI,FOOD,IDX2015,M,Feb-84,47.0991
195315,CAN,CPI,FOOD,IDX2015,M,Mar-84,47.59488
195316,CAN,CPI,FOOD,IDX2015,M,Apr-84,47.6657
195317,CAN,CPI,FOOD,IDX2015,M,May-84,47.52405
195318,CAN,CPI,FOOD,IDX2015,M,Jun-84,48.23231
195319,CAN,CPI,FOOD,IDX2015,M,Jul-84,48.72809
195320,CAN,CPI,FOOD,IDX2015,M,Aug-84,48.23231
195321,CAN,CPI,FOOD,IDX2015,M,Sep-84,47.6657
195322,CAN,CPI,FOOD,IDX2015,M,Oct-84,47.6657
195323,CAN,CPI,FOOD,IDX2015,M,Nov-84,47.6657
195324,CAN,CPI,FOOD,IDX2015,M,Dec-84,47.59488
195325,CAN,CPI,FOOD,IDX2015,M,Jan-85,48.23231
195326,CAN,CPI,FOOD,IDX2015,M,Feb-85,48.86974
195327,CAN,CPI,FOOD,IDX2015,M,Mar-85,48.72809
195328,CAN,CPI,FOOD,IDX2015,M,Apr-85,49.43634
195329,CAN,CPI,FOOD,IDX2015,M,May-85,48.94057
195330,CAN,CPI,FOOD,IDX2015,M,Jun-85,49.22387
195331,CAN,CPI,FOOD,IDX2015,M,Jul-85,49.578
195332,CAN,CPI,FOOD,IDX2015,M,Aug-85,49.08222
195333,CAN,CPI,FOOD,IDX2015,M,Sep-85,48.30313
195334,CAN,CPI,FOOD,IDX2015,M,Oct-85,48.09066
195335,CAN,CPI,FOOD,IDX2015,M,Nov-85,48.37396
195336,CAN,CPI,FOOD,IDX2015,M,Dec-85,49.22387
195337,CAN,CPI,FOOD,IDX2015,M,Jan-86,50.1446
195338,CAN,CPI,FOOD,IDX2015,M,Feb-86,49.79047
195339,CAN,CPI,FOOD,IDX2015,M,Mar-86,49.79047
195340,CAN,CPI,FOOD,IDX2015,M,Apr-86,50.35708
195341,CAN,CPI,FOOD,IDX2015,M,May-86,50.92369
195342,CAN,CPI,FOOD,IDX2015,M,Jun-86,50.99451
195343,CAN,CPI,FOOD,IDX2015,M,Jul-86,51.63194
195344,CAN,CPI,FOOD,IDX2015,M,Aug-86,51.91525
195345,CAN,CPI,FOOD,IDX2015,M,Sep-86,52.26937
195346,CAN,CPI,FOOD,IDX2015,M,Oct-86,52.41103
195347,CAN,CPI,FOOD,IDX2015,M,Nov-86,52.76515
195348,CAN,CPI,FOOD,IDX2015,M,Dec-86,52.6235
195349,CAN,CPI,FOOD,IDX2015,M,Jan-87,53.26093
195350,CAN,CPI,FOOD,IDX2015,M,Feb-87,53.26093
195351,CAN,CPI,FOOD,IDX2015,M,Mar-87,53.11928
195352,CAN,CPI,FOOD,IDX2015,M,Apr-87,53.11928
195353,CAN,CPI,FOOD,IDX2015,M,May-87,53.68589
195354,CAN,CPI,FOOD,IDX2015,M,Jun-87,54.60662
195355,CAN,CPI,FOOD,IDX2015,M,Jul-87,54.67745
195356,CAN,CPI,FOOD,IDX2015,M,Aug-87,53.82754
195357,CAN,CPI,FOOD,IDX2015,M,Sep-87,53.40258
195358,CAN,CPI,FOOD,IDX2015,M,Oct-87,53.47341
195359,CAN,CPI,FOOD,IDX2015,M,Nov-87,53.68589
195360,CAN,CPI,FOOD,IDX2015,M,Dec-87,53.47341
195361,CAN,CPI,FOOD,IDX2015,M,Jan-88,54.18167
195362,CAN,CPI,FOOD,IDX2015,M,Feb-88,53.96919
195363,CAN,CPI,FOOD,IDX2015,M,Mar-88,53.68589
195364,CAN,CPI,FOOD,IDX2015,M,Apr-88,54.04002
195365,CAN,CPI,FOOD,IDX2015,M,May-88,54.39415
195366,CAN,CPI,FOOD,IDX2015,M,Jun-88,54.96075
195367,CAN,CPI,FOOD,IDX2015,M,Jul-88,55.45653
195368,CAN,CPI,FOOD,IDX2015,M,Aug-88,55.59818
195369,CAN,CPI,FOOD,IDX2015,M,Sep-88,55.3857
195370,CAN,CPI,FOOD,IDX2015,M,Oct-88,55.31488
195371,CAN,CPI,FOOD,IDX2015,M,Nov-88,54.88993
195372,CAN,CPI,FOOD,IDX2015,M,Dec-88,54.5358
195373,CAN,CPI,FOOD,IDX2015,M,Jan-89,55.3857
195374,CAN,CPI,FOOD,IDX2015,M,Feb-89,55.88148
195375,CAN,CPI,FOOD,IDX2015,M,Mar-89,55.81066
195376,CAN,CPI,FOOD,IDX2015,M,Apr-89,56.09396
195377,CAN,CPI,FOOD,IDX2015,M,May-89,56.51892
195378,CAN,CPI,FOOD,IDX2015,M,Jun-89,56.94387
195379,CAN,CPI,FOOD,IDX2015,M,Jul-89,57.43965
195380,CAN,CPI,FOOD,IDX2015,M,Aug-89,56.94387
195381,CAN,CPI,FOOD,IDX2015,M,Sep-89,56.51892
195382,CAN,CPI,FOOD,IDX2015,M,Oct-89,56.66057
195383,CAN,CPI,FOOD,IDX2015,M,Nov-89,56.58974
195384,CAN,CPI,FOOD,IDX2015,M,Dec-89,56.09396
195385,CAN,CPI,FOOD,IDX2015,M,Jan-90,57.93543
195386,CAN,CPI,FOOD,IDX2015,M,Feb-90,58.57286
195387,CAN,CPI,FOOD,IDX2015,M,Mar-90,58.71451
195388,CAN,CPI,FOOD,IDX2015,M,Apr-90,58.00626
195389,CAN,CPI,FOOD,IDX2015,M,May-90,58.07708
195390,CAN,CPI,FOOD,IDX2015,M,Jun-90,59.21029
195391,CAN,CPI,FOOD,IDX2015,M,Jul-90,59.56442
195392,CAN,CPI,FOOD,IDX2015,M,Aug-90,58.71451
195393,CAN,CPI,FOOD,IDX2015,M,Sep-90,58.50204
195394,CAN,CPI,FOOD,IDX2015,M,Oct-90,58.78534
195395,CAN,CPI,FOOD,IDX2015,M,Nov-90,58.85616
195396,CAN,CPI,FOOD,IDX2015,M,Dec-90,58.36039
195397,CAN,CPI,FOOD,IDX2015,M,Jan-91,60.0602
195398,CAN,CPI,FOOD,IDX2015,M,Feb-91,59.98938
195399,CAN,CPI,FOOD,IDX2015,M,Mar-91,60.13103
195400,CAN,CPI,FOOD,IDX2015,M,Apr-91,60.48516
195401,CAN,CPI,FOOD,IDX2015,M,May-91,60.48516
195402,CAN,CPI,FOOD,IDX2015,M,Jun-91,62.11415
195403,CAN,CPI,FOOD,IDX2015,M,Jul-91,61.54754
195404,CAN,CPI,FOOD,IDX2015,M,Aug-91,60.48516
195405,CAN,CPI,FOOD,IDX2015,M,Sep-91,59.28112
195406,CAN,CPI,FOOD,IDX2015,M,Oct-91,58.43121
195407,CAN,CPI,FOOD,IDX2015,M,Nov-91,58.57286
195408,CAN,CPI,FOOD,IDX2015,M,Dec-91,57.8646
195409,CAN,CPI,FOOD,IDX2015,M,Jan-92,58.50204
195410,CAN,CPI,FOOD,IDX2015,M,Feb-92,58.57286
195411,CAN,CPI,FOOD,IDX2015,M,Mar-92,58.99782
195412,CAN,CPI,FOOD,IDX2015,M,Apr-92,59.28112
195413,CAN,CPI,FOOD,IDX2015,M,May-92,59.06864
195414,CAN,CPI,FOOD,IDX2015,M,Jun-92,59.70607
195415,CAN,CPI,FOOD,IDX2015,M,Jul-92,59.56442
195416,CAN,CPI,FOOD,IDX2015,M,Aug-92,59.42277
195417,CAN,CPI,FOOD,IDX2015,M,Sep-92,58.99782
195418,CAN,CPI,FOOD,IDX2015,M,Oct-92,58.78534
195419,CAN,CPI,FOOD,IDX2015,M,Nov-92,58.99782
195420,CAN,CPI,FOOD,IDX2015,M,Dec-92,59.28112
195421,CAN,CPI,FOOD,IDX2015,M,Jan-93,59.91855
195422,CAN,CPI,FOOD,IDX2015,M,Feb-93,60.34351
195423,CAN,CPI,FOOD,IDX2015,M,Mar-93,59.98938
195424,CAN,CPI,FOOD,IDX2015,M,Apr-93,59.7769
195425,CAN,CPI,FOOD,IDX2015,M,May-93,60.55598
195426,CAN,CPI,FOOD,IDX2015,M,Jun-93,60.62681
195427,CAN,CPI,FOOD,IDX2015,M,Jul-93,60.55598
195428,CAN,CPI,FOOD,IDX2015,M,Aug-93,60.13103
195429,CAN,CPI,FOOD,IDX2015,M,Sep-93,59.7769
195430,CAN,CPI,FOOD,IDX2015,M,Oct-93,59.7769
195431,CAN,CPI,FOOD,IDX2015,M,Nov-93,60.13103
195432,CAN,CPI,FOOD,IDX2015,M,Dec-93,60.48516
195433,CAN,CPI,FOOD,IDX2015,M,Jan-94,60.76846
195434,CAN,CPI,FOOD,IDX2015,M,Feb-94,60.34351
195435,CAN,CPI,FOOD,IDX2015,M,Mar-94,59.70607
195436,CAN,CPI,FOOD,IDX2015,M,Apr-94,60.0602
195437,CAN,CPI,FOOD,IDX2015,M,May-94,60.0602
195438,CAN,CPI,FOOD,IDX2015,M,Jun-94,60.34351
195439,CAN,CPI,FOOD,IDX2015,M,Jul-94,60.76846
195440,CAN,CPI,FOOD,IDX2015,M,Aug-94,60.48516
195441,CAN,CPI,FOOD,IDX2015,M,Sep-94,59.7769
195442,CAN,CPI,FOOD,IDX2015,M,Oct-94,59.98938
195443,CAN,CPI,FOOD,IDX2015,M,Nov-94,60.13103
195444,CAN,CPI,FOOD,IDX2015,M,Dec-94,60.34351
195445,CAN,CPI,FOOD,IDX2015,M,Jan-95,61.61837
195446,CAN,CPI,FOOD,IDX2015,M,Feb-95,62.04332
195447,CAN,CPI,FOOD,IDX2015,M,Mar-95,61.90167
195448,CAN,CPI,FOOD,IDX2015,M,Apr-95,62.89323
195449,CAN,CPI,FOOD,IDX2015,M,May-95,62.2558
195450,CAN,CPI,FOOD,IDX2015,M,Jun-95,62.39745
195451,CAN,CPI,FOOD,IDX2015,M,Jul-95,62.32663
195452,CAN,CPI,FOOD,IDX2015,M,Aug-95,61.47672
195453,CAN,CPI,FOOD,IDX2015,M,Sep-95,61.19341
195454,CAN,CPI,FOOD,IDX2015,M,Oct-95,61.19341
195455,CAN,CPI,FOOD,IDX2015,M,Nov-95,61.19341
195456,CAN,CPI,FOOD,IDX2015,M,Dec-95,61.54754
195457,CAN,CPI,FOOD,IDX2015,M,Jan-96,61.90167
195458,CAN,CPI,FOOD,IDX2015,M,Feb-96,61.90167
195459,CAN,CPI,FOOD,IDX2015,M,Mar-96,62.11415
195460,CAN,CPI,FOOD,IDX2015,M,Apr-96,62.89323
195461,CAN,CPI,FOOD,IDX2015,M,May-96,62.46828
195462,CAN,CPI,FOOD,IDX2015,M,Jun-96,62.96405
195463,CAN,CPI,FOOD,IDX2015,M,Jul-96,62.75158
195464,CAN,CPI,FOOD,IDX2015,M,Aug-96,62.46828
195465,CAN,CPI,FOOD,IDX2015,M,Sep-96,62.18497
195466,CAN,CPI,FOOD,IDX2015,M,Oct-96,62.68075
195467,CAN,CPI,FOOD,IDX2015,M,Nov-96,63.24736
195468,CAN,CPI,FOOD,IDX2015,M,Dec-96,63.03488
195469,CAN,CPI,FOOD,IDX2015,M,Jan-97,63.45984
195470,CAN,CPI,FOOD,IDX2015,M,Feb-97,63.60149
195471,CAN,CPI,FOOD,IDX2015,M,Mar-97,63.53066
195472,CAN,CPI,FOOD,IDX2015,M,Apr-97,63.31818
195473,CAN,CPI,FOOD,IDX2015,M,May-97,63.60149
195474,CAN,CPI,FOOD,IDX2015,M,Jun-97,63.81396
195475,CAN,CPI,FOOD,IDX2015,M,Jul-97,64.16809
195476,CAN,CPI,FOOD,IDX2015,M,Aug-97,63.60149
195477,CAN,CPI,FOOD,IDX2015,M,Sep-97,62.8224
195478,CAN,CPI,FOOD,IDX2015,M,Oct-97,62.96405
195479,CAN,CPI,FOOD,IDX2015,M,Nov-97,63.67231
195480,CAN,CPI,FOOD,IDX2015,M,Dec-97,63.60149
195481,CAN,CPI,FOOD,IDX2015,M,Jan-98,65.018
195482,CAN,CPI,FOOD,IDX2015,M,Feb-98,64.30975
195483,CAN,CPI,FOOD,IDX2015,M,Mar-98,64.52222
195484,CAN,CPI,FOOD,IDX2015,M,Apr-98,64.30975
195485,CAN,CPI,FOOD,IDX2015,M,May-98,64.66387
195486,CAN,CPI,FOOD,IDX2015,M,Jun-98,65.30131
195487,CAN,CPI,FOOD,IDX2015,M,Jul-98,64.94717
195488,CAN,CPI,FOOD,IDX2015,M,Aug-98,64.38057
195489,CAN,CPI,FOOD,IDX2015,M,Sep-98,63.60149
195490,CAN,CPI,FOOD,IDX2015,M,Oct-98,63.67231
195491,CAN,CPI,FOOD,IDX2015,M,Nov-98,64.7347
195492,CAN,CPI,FOOD,IDX2015,M,Dec-98,64.66387
195493,CAN,CPI,FOOD,IDX2015,M,Jan-99,65.72626
195494,CAN,CPI,FOOD,IDX2015,M,Feb-99,65.23048
195495,CAN,CPI,FOOD,IDX2015,M,Mar-99,65.30131
195496,CAN,CPI,FOOD,IDX2015,M,Apr-99,65.44296
195497,CAN,CPI,FOOD,IDX2015,M,May-99,65.58461
195498,CAN,CPI,FOOD,IDX2015,M,Jun-99,65.86791
195499,CAN,CPI,FOOD,IDX2015,M,Jul-99,65.65543
195500,CAN,CPI,FOOD,IDX2015,M,Aug-99,64.87635
195501,CAN,CPI,FOOD,IDX2015,M,Sep-99,64.30975
195502,CAN,CPI,FOOD,IDX2015,M,Oct-99,64.38057
195503,CAN,CPI,FOOD,IDX2015,M,Nov-99,64.80553
195504,CAN,CPI,FOOD,IDX2015,M,Dec-99,65.08883
195505,CAN,CPI,FOOD,IDX2015,M,Jan-00,64.94717
195506,CAN,CPI,FOOD,IDX2015,M,Feb-00,64.7347
195507,CAN,CPI,FOOD,IDX2015,M,Mar-00,65.08883
195508,CAN,CPI,FOOD,IDX2015,M,Apr-00,65.23048
195509,CAN,CPI,FOOD,IDX2015,M,May-00,65.86791
195510,CAN,CPI,FOOD,IDX2015,M,Jun-00,66.43452
195511,CAN,CPI,FOOD,IDX2015,M,Jul-00,66.85947
195512,CAN,CPI,FOOD,IDX2015,M,Aug-00,66.50534
195513,CAN,CPI,FOOD,IDX2015,M,Sep-00,65.72626
195514,CAN,CPI,FOOD,IDX2015,M,Oct-00,65.51378
195515,CAN,CPI,FOOD,IDX2015,M,Nov-00,66.29286
195516,CAN,CPI,FOOD,IDX2015,M,Dec-00,67.42608
195517,CAN,CPI,FOOD,IDX2015,M,Jan-01,67.4969
195518,CAN,CPI,FOOD,IDX2015,M,Feb-01,68.20516
195519,CAN,CPI,FOOD,IDX2015,M,Mar-01,68.91341
195520,CAN,CPI,FOOD,IDX2015,M,Apr-01,69.19672
195521,CAN,CPI,FOOD,IDX2015,M,May-01,69.90498
195522,CAN,CPI,FOOD,IDX2015,M,Jun-01,69.9758
195523,CAN,CPI,FOOD,IDX2015,M,Jul-01,70.18828
195524,CAN,CPI,FOOD,IDX2015,M,Aug-01,69.33837
195525,CAN,CPI,FOOD,IDX2015,M,Sep-01,68.63011
195526,CAN,CPI,FOOD,IDX2015,M,Oct-01,68.41763
195527,CAN,CPI,FOOD,IDX2015,M,Nov-01,68.84259
195528,CAN,CPI,FOOD,IDX2015,M,Dec-01,69.83415
195529,CAN,CPI,FOOD,IDX2015,M,Jan-02,70.82571
195530,CAN,CPI,FOOD,IDX2015,M,Feb-02,71.32149
195531,CAN,CPI,FOOD,IDX2015,M,Mar-02,71.10901
195532,CAN,CPI,FOOD,IDX2015,M,Apr-02,71.46314
195533,CAN,CPI,FOOD,IDX2015,M,May-02,71.03819
195534,CAN,CPI,FOOD,IDX2015,M,Jun-02,71.32149
195535,CAN,CPI,FOOD,IDX2015,M,Jul-02,71.25066
195536,CAN,CPI,FOOD,IDX2015,M,Aug-02,70.61324
195537,CAN,CPI,FOOD,IDX2015,M,Sep-02,69.6925
195538,CAN,CPI,FOOD,IDX2015,M,Oct-02,69.19672
195539,CAN,CPI,FOOD,IDX2015,M,Nov-02,70.75488
195540,CAN,CPI,FOOD,IDX2015,M,Dec-02,71.32149
195541,CAN,CPI,FOOD,IDX2015,M,Jan-03,72.10057
195542,CAN,CPI,FOOD,IDX2015,M,Feb-03,71.88809
195543,CAN,CPI,FOOD,IDX2015,M,Mar-03,72.02975
195544,CAN,CPI,FOOD,IDX2015,M,Apr-03,72.02975
195545,CAN,CPI,FOOD,IDX2015,M,May-03,72.31305
195546,CAN,CPI,FOOD,IDX2015,M,Jun-03,72.52553
195547,CAN,CPI,FOOD,IDX2015,M,Jul-03,72.4547
195548,CAN,CPI,FOOD,IDX2015,M,Aug-03,71.53397
195549,CAN,CPI,FOOD,IDX2015,M,Sep-03,70.82571
195550,CAN,CPI,FOOD,IDX2015,M,Oct-03,70.5424
195551,CAN,CPI,FOOD,IDX2015,M,Nov-03,71.53397
195552,CAN,CPI,FOOD,IDX2015,M,Dec-03,72.38387
195553,CAN,CPI,FOOD,IDX2015,M,Jan-04,72.38387
195554,CAN,CPI,FOOD,IDX2015,M,Feb-04,72.1714
195555,CAN,CPI,FOOD,IDX2015,M,Mar-04,72.31305
195556,CAN,CPI,FOOD,IDX2015,M,Apr-04,72.02975
195557,CAN,CPI,FOOD,IDX2015,M,May-04,72.80883
195558,CAN,CPI,FOOD,IDX2015,M,Jun-04,73.80039
195559,CAN,CPI,FOOD,IDX2015,M,Jul-04,73.65874
195560,CAN,CPI,FOOD,IDX2015,M,Aug-04,73.37543
195561,CAN,CPI,FOOD,IDX2015,M,Sep-04,72.80883
195562,CAN,CPI,FOOD,IDX2015,M,Oct-04,73.23379
195563,CAN,CPI,FOOD,IDX2015,M,Nov-04,74.22534
195564,CAN,CPI,FOOD,IDX2015,M,Dec-04,74.6503
195565,CAN,CPI,FOOD,IDX2015,M,Jan-05,74.22534
195566,CAN,CPI,FOOD,IDX2015,M,Feb-05,73.94204
195567,CAN,CPI,FOOD,IDX2015,M,Mar-05,74.367
195568,CAN,CPI,FOOD,IDX2015,M,Apr-05,75.2169
195569,CAN,CPI,FOOD,IDX2015,M,May-05,75.35856
195570,CAN,CPI,FOOD,IDX2015,M,Jun-05,75.57103
195571,CAN,CPI,FOOD,IDX2015,M,Jul-05,75.28773
195572,CAN,CPI,FOOD,IDX2015,M,Aug-05,75.07525
195573,CAN,CPI,FOOD,IDX2015,M,Sep-05,74.01286
195574,CAN,CPI,FOOD,IDX2015,M,Oct-05,74.29617
195575,CAN,CPI,FOOD,IDX2015,M,Nov-05,74.79195
195576,CAN,CPI,FOOD,IDX2015,M,Dec-05,75.42938
195577,CAN,CPI,FOOD,IDX2015,M,Jan-06,76.35011
195578,CAN,CPI,FOOD,IDX2015,M,Feb-06,76.06681
195579,CAN,CPI,FOOD,IDX2015,M,Mar-06,75.92516
195580,CAN,CPI,FOOD,IDX2015,M,Apr-06,75.71268
195581,CAN,CPI,FOOD,IDX2015,M,May-06,76.27929
195582,CAN,CPI,FOOD,IDX2015,M,Jun-06,76.63342
195583,CAN,CPI,FOOD,IDX2015,M,Jul-06,76.84589
195584,CAN,CPI,FOOD,IDX2015,M,Aug-06,76.77507
195585,CAN,CPI,FOOD,IDX2015,M,Sep-06,76.35011
195586,CAN,CPI,FOOD,IDX2015,M,Oct-06,76.63342
195587,CAN,CPI,FOOD,IDX2015,M,Nov-06,77.27085
195588,CAN,CPI,FOOD,IDX2015,M,Dec-06,77.1292
195589,CAN,CPI,FOOD,IDX2015,M,Jan-07,78.04993
195590,CAN,CPI,FOOD,IDX2015,M,Feb-07,79.67892
195591,CAN,CPI,FOOD,IDX2015,M,Mar-07,79.25397
195592,CAN,CPI,FOOD,IDX2015,M,Apr-07,79.11232
195593,CAN,CPI,FOOD,IDX2015,M,May-07,79.3248
195594,CAN,CPI,FOOD,IDX2015,M,Jun-07,79.25397
195595,CAN,CPI,FOOD,IDX2015,M,Jul-07,78.89984
195596,CAN,CPI,FOOD,IDX2015,M,Aug-07,78.33324
195597,CAN,CPI,FOOD,IDX2015,M,Sep-07,77.34167
195598,CAN,CPI,FOOD,IDX2015,M,Oct-07,77.1292
195599,CAN,CPI,FOOD,IDX2015,M,Nov-07,77.76663
195600,CAN,CPI,FOOD,IDX2015,M,Dec-07,77.9791
195601,CAN,CPI,FOOD,IDX2015,M,Jan-08,78.89984
195602,CAN,CPI,FOOD,IDX2015,M,Feb-08,79.18314
195603,CAN,CPI,FOOD,IDX2015,M,Mar-08,79.04149
195604,CAN,CPI,FOOD,IDX2015,M,Apr-08,79.82057
195605,CAN,CPI,FOOD,IDX2015,M,May-08,80.81213
195606,CAN,CPI,FOOD,IDX2015,M,Jun-08,81.66204
195607,CAN,CPI,FOOD,IDX2015,M,Jul-08,82.29948
195608,CAN,CPI,FOOD,IDX2015,M,Aug-08,82.44112
195609,CAN,CPI,FOOD,IDX2015,M,Sep-08,82.51196
195610,CAN,CPI,FOOD,IDX2015,M,Oct-08,82.72443
195611,CAN,CPI,FOOD,IDX2015,M,Nov-08,84.77837
195612,CAN,CPI,FOOD,IDX2015,M,Dec-08,84.99085
195613,CAN,CPI,FOOD,IDX2015,M,Jan-09,85.69911
195614,CAN,CPI,FOOD,IDX2015,M,Feb-09,86.26572
195615,CAN,CPI,FOOD,IDX2015,M,Mar-09,86.54902
195616,CAN,CPI,FOOD,IDX2015,M,Apr-09,86.4782
195617,CAN,CPI,FOOD,IDX2015,M,May-09,86.7615
195618,CAN,CPI,FOOD,IDX2015,M,Jun-09,86.90314
195619,CAN,CPI,FOOD,IDX2015,M,Jul-09,86.90314
195620,CAN,CPI,FOOD,IDX2015,M,Aug-09,86.05324
195621,CAN,CPI,FOOD,IDX2015,M,Sep-09,84.77837
195622,CAN,CPI,FOOD,IDX2015,M,Oct-09,84.49507
195623,CAN,CPI,FOOD,IDX2015,M,Nov-09,85.84076
195624,CAN,CPI,FOOD,IDX2015,M,Dec-09,86.05324
195625,CAN,CPI,FOOD,IDX2015,M,Jan-10,86.4782
195626,CAN,CPI,FOOD,IDX2015,M,Feb-10,86.7615
195627,CAN,CPI,FOOD,IDX2015,M,Mar-10,87.18645
195628,CAN,CPI,FOOD,IDX2015,M,Apr-10,86.83232
195629,CAN,CPI,FOOD,IDX2015,M,May-10,86.97397
195630,CAN,CPI,FOOD,IDX2015,M,Jun-10,86.97397
195631,CAN,CPI,FOOD,IDX2015,M,Jul-10,87.39893
195632,CAN,CPI,FOOD,IDX2015,M,Aug-10,87.11562
195633,CAN,CPI,FOOD,IDX2015,M,Sep-10,86.61984
195634,CAN,CPI,FOOD,IDX2015,M,Oct-10,86.26572
195635,CAN,CPI,FOOD,IDX2015,M,Nov-10,86.69067
195636,CAN,CPI,FOOD,IDX2015,M,Dec-10,87.25727
195637,CAN,CPI,FOOD,IDX2015,M,Jan-11,88.10719
195638,CAN,CPI,FOOD,IDX2015,M,Feb-11,88.46131
195639,CAN,CPI,FOOD,IDX2015,M,Mar-11,90.3736
195640,CAN,CPI,FOOD,IDX2015,M,Apr-11,90.01948
195641,CAN,CPI,FOOD,IDX2015,M,May-11,90.65691
195642,CAN,CPI,FOOD,IDX2015,M,Jun-11,91.15269
195643,CAN,CPI,FOOD,IDX2015,M,Jul-11,91.86095
195644,CAN,CPI,FOOD,IDX2015,M,Aug-11,91.50682
195645,CAN,CPI,FOOD,IDX2015,M,Sep-11,90.79856
195646,CAN,CPI,FOOD,IDX2015,M,Oct-11,90.51526
195647,CAN,CPI,FOOD,IDX2015,M,Nov-11,91.64847
195648,CAN,CPI,FOOD,IDX2015,M,Dec-11,91.64847
195649,CAN,CPI,FOOD,IDX2015,M,Jan-12,92.42755
195650,CAN,CPI,FOOD,IDX2015,M,Feb-12,92.64003
195651,CAN,CPI,FOOD,IDX2015,M,Mar-12,92.14425
195652,CAN,CPI,FOOD,IDX2015,M,Apr-12,92.14425
195653,CAN,CPI,FOOD,IDX2015,M,May-12,92.92333
195654,CAN,CPI,FOOD,IDX2015,M,Jun-12,92.78168
195655,CAN,CPI,FOOD,IDX2015,M,Jul-12,93.63159
195656,CAN,CPI,FOOD,IDX2015,M,Aug-12,93.56076
195657,CAN,CPI,FOOD,IDX2015,M,Sep-12,92.07343
195658,CAN,CPI,FOOD,IDX2015,M,Oct-12,92.21507
195659,CAN,CPI,FOOD,IDX2015,M,Nov-12,92.99416
195660,CAN,CPI,FOOD,IDX2015,M,Dec-12,92.78168
195661,CAN,CPI,FOOD,IDX2015,M,Jan-13,92.99416
195662,CAN,CPI,FOOD,IDX2015,M,Feb-13,94.26902
195663,CAN,CPI,FOOD,IDX2015,M,Mar-13,93.70242
195664,CAN,CPI,FOOD,IDX2015,M,Apr-13,93.70242
195665,CAN,CPI,FOOD,IDX2015,M,May-13,94.12737
195666,CAN,CPI,FOOD,IDX2015,M,Jun-13,93.98572
195667,CAN,CPI,FOOD,IDX2015,M,Jul-13,94.05654
195668,CAN,CPI,FOOD,IDX2015,M,Aug-13,94.1982
195669,CAN,CPI,FOOD,IDX2015,M,Sep-13,93.06498
195670,CAN,CPI,FOOD,IDX2015,M,Oct-13,92.85251
195671,CAN,CPI,FOOD,IDX2015,M,Nov-13,93.98572
195672,CAN,CPI,FOOD,IDX2015,M,Dec-13,93.48994
195673,CAN,CPI,FOOD,IDX2015,M,Jan-14,93.91489
195674,CAN,CPI,FOOD,IDX2015,M,Feb-14,95.18975
195675,CAN,CPI,FOOD,IDX2015,M,Mar-14,95.33141
195676,CAN,CPI,FOOD,IDX2015,M,Apr-14,95.33141
195677,CAN,CPI,FOOD,IDX2015,M,May-14,96.46461
195678,CAN,CPI,FOOD,IDX2015,M,Jun-14,97.03122
195679,CAN,CPI,FOOD,IDX2015,M,Jul-14,97.03122
195680,CAN,CPI,FOOD,IDX2015,M,Aug-14,96.32297
195681,CAN,CPI,FOOD,IDX2015,M,Sep-14,95.82719
195682,CAN,CPI,FOOD,IDX2015,M,Oct-14,95.68553
195683,CAN,CPI,FOOD,IDX2015,M,Nov-14,97.10205
195684,CAN,CPI,FOOD,IDX2015,M,Dec-14,97.45618
195685,CAN,CPI,FOOD,IDX2015,M,Jan-15,98.94352
195686,CAN,CPI,FOOD,IDX2015,M,Feb-15,99.29765
195687,CAN,CPI,FOOD,IDX2015,M,Mar-15,99.29765
195688,CAN,CPI,FOOD,IDX2015,M,Apr-15,99.15599
195689,CAN,CPI,FOOD,IDX2015,M,May-15,100.4309
195690,CAN,CPI,FOOD,IDX2015,M,Jun-15,100.5017
195691,CAN,CPI,FOOD,IDX2015,M,Jul-15,100.4309
195692,CAN,CPI,FOOD,IDX2015,M,Aug-15,100.1476
195693,CAN,CPI,FOOD,IDX2015,M,Sep-15,99.58095
195694,CAN,CPI,FOOD,IDX2015,M,Oct-15,100.0767
195695,CAN,CPI,FOOD,IDX2015,M,Nov-15,100.7142
195696,CAN,CPI,FOOD,IDX2015,M,Dec-15,101.4224
195697,CAN,CPI,FOOD,IDX2015,M,Jan-16,103.4764
195698,CAN,CPI,FOOD,IDX2015,M,Feb-16,103.6888
195699,CAN,CPI,FOOD,IDX2015,M,Mar-16,103.2639
195700,CAN,CPI,FOOD,IDX2015,M,Apr-16,102.414
195701,CAN,CPI,FOOD,IDX2015,M,May-16,101.8474
195702,CAN,CPI,FOOD,IDX2015,M,Jun-16,101.3516
195703,CAN,CPI,FOOD,IDX2015,M,Jul-16,101.5641
195704,CAN,CPI,FOOD,IDX2015,M,Aug-16,100.5725
195705,CAN,CPI,FOOD,IDX2015,M,Sep-16,98.66022
195706,CAN,CPI,FOOD,IDX2015,M,Oct-16,98.02278
195707,CAN,CPI,FOOD,IDX2015,M,Nov-16,98.73104
195708,CAN,CPI,FOOD,IDX2015,M,Dec-16,98.58939
195709,CAN,CPI,FOOD,IDX2015,M,Jan-17,99.36847
195710,CAN,CPI,FOOD,IDX2015,M,Feb-17,99.43929
195711,CAN,CPI,FOOD,IDX2015,M,Mar-17,99.58095
195712,CAN,CPI,FOOD,IDX2015,M,Apr-17,99.79343
195713,CAN,CPI,FOOD,IDX2015,M,May-17,100.6433
195714,CAN,CPI,FOOD,IDX2015,M,Jun-17,100.9975
195715,CAN,CPI,FOOD,IDX2015,M,Jul-17,101.4224
195716,CAN,CPI,FOOD,IDX2015,M,Aug-17,100.8558
195717,CAN,CPI,FOOD,IDX2015,M,Sep-17,99.51012
195718,CAN,CPI,FOOD,IDX2015,M,Oct-17,98.58939
195719,CAN,CPI,FOOD,IDX2015,M,Nov-17,99.65177
195720,CAN,CPI,FOOD,IDX2015,M,Dec-17,100.0767
195721,CAN,CPI,FOOD,IDX2015,M,Jan-18,100.9975
195722,CAN,CPI,FOOD,IDX2015,M,Feb-18,100.785
195723,CAN,CPI,FOOD,IDX2015,M,Mar-18,100.0767
195724,CAN,CPI,FOOD,IDX2015,M,Apr-18,100.5017
195725,CAN,CPI,FOOD,IDX2015,M,May-18,100.1476
195726,CAN,CPI,FOOD,IDX2015,M,Jun-18,101.0683
195727,CAN,CPI,FOOD,IDX2015,M,Jul-18,101.4932
195728,CAN,CPI,FOOD,IDX2015,M,Aug-18,101.1391
195729,CAN,CPI,FOOD,IDX2015,M,Sep-18,100.1476
195730,CAN,CPI,FOOD,IDX2015,M,Oct-18,99.65177
195731,CAN,CPI,FOOD,IDX2015,M,Nov-18,101.0683
195732,CAN,CPI,FOOD,IDX2015,M,Dec-18,102.5556
195733,CAN,CPI,FOOD,IDX2015,M,Jan-19,103.4764
195734,CAN,CPI,FOOD,IDX2015,M,Feb-19,104.1846
195735,CAN,CPI,FOOD,IDX2015,M,Mar-19,104.1138
195736,CAN,CPI,FOOD,IDX2015,M,Apr-19,103.4764
195737,CAN,CPI,FOOD,IDX2015,M,May-19,104.1846
195738,CAN,CPI,FOOD,IDX2015,M,Jun-19,105.0345
195739,CAN,CPI,FOOD,IDX2015,M,Jul-19,105.7428
195740,CAN,CPI,FOOD,IDX2015,M,Aug-19,105.1054
195741,CAN,CPI,FOOD,IDX2015,M,Sep-19,104.2554
195742,CAN,CPI,FOOD,IDX2015,M,Oct-19,103.7597
195743,CAN,CPI,FOOD,IDX2015,M,Nov-19,104.9637
195744,CAN,CPI,FOOD,IDX2015,M,Dec-19,105.8136
195745,CAN,CPI,FOOD,IDX2015,M,Jan-20,107.3718
195746,CAN,CPI,FOOD,IDX2015,M,Feb-20,106.6635
195747,CAN,CPI,FOOD,IDX2015,M,Mar-20,106.5927
195748,CAN,CPI,FOOD,IDX2015,M,Apr-20,107.5843
195749,CAN,CPI,FOOD,IDX2015,M,May-20,107.8676
195750,CAN,CPI,FOOD,IDX2015,M,Jun-20,108.2217
195751,CAN,CPI,FOOD,IDX2015,M,Jul-20,108.2925
195752,CAN,CPI,FOOD,IDX2015,M,Aug-20,106.8052
195753,CAN,CPI,FOOD,IDX2015,M,Sep-20,105.6011
195754,CAN,CPI,FOOD,IDX2015,M,Oct-20,106.1677
195755,CAN,CPI,FOOD,IDX2015,M,Nov-20,106.6635
195756,CAN,CPI,FOOD,IDX2015,M,Dec-20,106.3802
195757,CAN,CPI,FOOD,IDX2015,M,Jan-21,107.4426
195758,CAN,CPI,FOOD,IDX2015,M,Feb-21,108.08
195759,CAN,CPI,FOOD,IDX2015,M,Mar-21,108.0092
195760,CAN,CPI,FOOD,IDX2015,M,Apr-21,107.6551
195761,CAN,CPI,FOOD,IDX2015,M,May-21,108.7883
195762,CAN,CPI,FOOD,IDX2015,M,Jun-21,108.9299
195763,CAN,CPI,FOOD,IDX2015,M,Jul-21,109.3549
195764,CAN,CPI,FOOD,IDX2015,M,Aug-21,109.5674
195765,CAN,CPI,FOOD,IDX2015,M,Sep-21,110.0632
195766,CAN,CPI,FOOD,IDX2015,M,Oct-21,110.3465
195767,CAN,CPI,FOOD,IDX2015,M,Nov-21,111.6921
195768,CAN,CPI,FOOD,IDX2015,M,Dec-21,112.4712
195769,CAN,CPI,FOOD,IDX2015,M,Jan-22,114.3835
195770,CAN,CPI,FOOD,IDX2015,M,Feb-22,116.0833
195771,CAN,CPI,FOOD,IDX2015,M,Mar-22,117.3582
195772,CAN,CPI,FOOD,IDX2015,M,Apr-22,118.1373
195773,CAN,CPI,FOOD,IDX2015,M,May-22,119.3413
195774,CAN,CPI,FOOD,IDX2015,M,Jun-22,119.1997
195775,CAN,CPI,FOOD,IDX2015,M,Jul-22,120.1912
195776,CAN,CPI,FOOD,IDX2015,M,Aug-22,121.3953
195777,CAN,CPI,FOOD,IDX2015,M,Sep-22,122.5993
195778,CAN,CPI,FOOD,IDX2015,M,Oct-22,122.5285
195779,CAN,CPI,FOOD,IDX2015,M,Nov-22,124.4408
195780,CAN,CPI,FOOD,IDX2015,M,Dec-22,124.8657
