,LOCATION,INDICATOR,SUBJECT,MEASURE,FREQUENCY,TIME,CPI
114243,CAN,CPI,TOT_FOODENRG,AGRWTH,M,Jan-62,-0.09408014
114244,CAN,CPI,TOT_FOODENRG,AGRWTH,M,Feb-62,-0.09408014
114245,CAN,CPI,TOT_FOODENRG,AGRWTH,M,Mar-62,0.0
114246,CAN,CPI,TOT_FOODENRG,AGRWTH,M,Apr-62,0.6483024
114247,CAN,CPI,TOT_FOODENRG,AGRWTH,M,May-62,0.5849416
114248,CAN,CPI,TOT_FOODENRG,AGRWTH,M,Jun-62,1.202371
114249,CAN,CPI,TOT_FOODENRG,AGRWTH,M,Jul-62,1.267296
114250,CAN,CPI,TOT_FOODENRG,AGRWTH,M,Aug-62,2.011163
114251,CAN,CPI,TOT_FOODENRG,AGRWTH,M,Sep-62,1.138484
114252,CAN,CPI,TOT_FOODENRG,AGRWTH,M,Oct-62,1.975231
114253,CAN,CPI,TOT_FOODENRG,AGRWTH,M,Nov-62,1.975231
114254,CAN,CPI,TOT_FOODENRG,AGRWTH,M,Dec-62,1.944965
114255,CAN,CPI,TOT_FOODENRG,AGRWTH,M,Jan-63,2.040907
114256,CAN,CPI,TOT_FOODENRG,AGRWTH,M,Feb-63,1.884782
114257,CAN,CPI,TOT_FOODENRG,AGRWTH,M,Mar-63,1.944907
114258,CAN,CPI,TOT_FOODENRG,AGRWTH,M,Apr-63,1.226754
114259,CAN,CPI,TOT_FOODENRG,AGRWTH,M,May-63,1.131165
114260,CAN,CPI,TOT_FOODENRG,AGRWTH,M,Jun-63,0.3609265
114261,CAN,CPI,TOT_FOODENRG,AGRWTH,M,Jul-63,1.982329
114262,CAN,CPI,TOT_FOODENRG,AGRWTH,M,Aug-63,1.847623
114263,CAN,CPI,TOT_FOODENRG,AGRWTH,M,Sep-63,1.858316
114264,CAN,CPI,TOT_FOODENRG,AGRWTH,M,Oct-63,1.301824
114265,CAN,CPI,TOT_FOODENRG,AGRWTH,M,Nov-63,1.9685
114266,CAN,CPI,TOT_FOODENRG,AGRWTH,M,Dec-63,1.9685
114267,CAN,CPI,TOT_FOODENRG,AGRWTH,M,Jan-64,2.094791
114268,CAN,CPI,TOT_FOODENRG,AGRWTH,M,Feb-64,2.251239
114269,CAN,CPI,TOT_FOODENRG,AGRWTH,M,Mar-64,2.034074
114270,CAN,CPI,TOT_FOODENRG,AGRWTH,M,Apr-64,2.856313
114271,CAN,CPI,TOT_FOODENRG,AGRWTH,M,May-64,2.761422
114272,CAN,CPI,TOT_FOODENRG,AGRWTH,M,Jun-64,2.766526
114273,CAN,CPI,TOT_FOODENRG,AGRWTH,M,Jul-64,1.706366
114274,CAN,CPI,TOT_FOODENRG,AGRWTH,M,Aug-64,1.251535
114275,CAN,CPI,TOT_FOODENRG,AGRWTH,M,Sep-64,2.100259
114276,CAN,CPI,TOT_FOODENRG,AGRWTH,M,Oct-64,2.247287
114277,CAN,CPI,TOT_FOODENRG,AGRWTH,M,Nov-64,1.488396
114278,CAN,CPI,TOT_FOODENRG,AGRWTH,M,Dec-64,2.05181
114279,CAN,CPI,TOT_FOODENRG,AGRWTH,M,Jan-65,2.082731
114280,CAN,CPI,TOT_FOODENRG,AGRWTH,M,Feb-65,1.992339
114281,CAN,CPI,TOT_FOODENRG,AGRWTH,M,Mar-65,2.112538
114282,CAN,CPI,TOT_FOODENRG,AGRWTH,M,Apr-65,2.096924
114283,CAN,CPI,TOT_FOODENRG,AGRWTH,M,May-65,1.858303
114284,CAN,CPI,TOT_FOODENRG,AGRWTH,M,Jun-65,3.162701
114285,CAN,CPI,TOT_FOODENRG,AGRWTH,M,Jul-65,2.561594
114286,CAN,CPI,TOT_FOODENRG,AGRWTH,M,Aug-65,2.738335
114287,CAN,CPI,TOT_FOODENRG,AGRWTH,M,Sep-65,2.582986
114288,CAN,CPI,TOT_FOODENRG,AGRWTH,M,Oct-65,2.338057
114289,CAN,CPI,TOT_FOODENRG,AGRWTH,M,Nov-65,2.895291
114290,CAN,CPI,TOT_FOODENRG,AGRWTH,M,Dec-65,2.790732
114291,CAN,CPI,TOT_FOODENRG,AGRWTH,M,Jan-66,2.759597
114292,CAN,CPI,TOT_FOODENRG,AGRWTH,M,Feb-66,3.403078
114293,CAN,CPI,TOT_FOODENRG,AGRWTH,M,Mar-66,3.806331
114294,CAN,CPI,TOT_FOODENRG,AGRWTH,M,Apr-66,3.720921
114295,CAN,CPI,TOT_FOODENRG,AGRWTH,M,May-66,3.963906
114296,CAN,CPI,TOT_FOODENRG,AGRWTH,M,Jun-66,3.464604
114297,CAN,CPI,TOT_FOODENRG,AGRWTH,M,Jul-66,3.676295
114298,CAN,CPI,TOT_FOODENRG,AGRWTH,M,Aug-66,3.686989
114299,CAN,CPI,TOT_FOODENRG,AGRWTH,M,Sep-66,3.826972
114300,CAN,CPI,TOT_FOODENRG,AGRWTH,M,Oct-66,3.853388
114301,CAN,CPI,TOT_FOODENRG,AGRWTH,M,Nov-66,3.469523
114302,CAN,CPI,TOT_FOODENRG,AGRWTH,M,Dec-66,3.712386
114303,CAN,CPI,TOT_FOODENRG,AGRWTH,M,Jan-67,3.712386
114304,CAN,CPI,TOT_FOODENRG,AGRWTH,M,Feb-67,3.329744
114305,CAN,CPI,TOT_FOODENRG,AGRWTH,M,Mar-67,3.600044
114306,CAN,CPI,TOT_FOODENRG,AGRWTH,M,Apr-67,3.465367
114307,CAN,CPI,TOT_FOODENRG,AGRWTH,M,May-67,4.107573
114308,CAN,CPI,TOT_FOODENRG,AGRWTH,M,Jun-67,3.998277
114309,CAN,CPI,TOT_FOODENRG,AGRWTH,M,Jul-67,4.270698
114310,CAN,CPI,TOT_FOODENRG,AGRWTH,M,Aug-67,4.482449
114311,CAN,CPI,TOT_FOODENRG,AGRWTH,M,Sep-67,4.554999
114312,CAN,CPI,TOT_FOODENRG,AGRWTH,M,Oct-67,4.604968
114313,CAN,CPI,TOT_FOODENRG,AGRWTH,M,Nov-67,4.4338
114314,CAN,CPI,TOT_FOODENRG,AGRWTH,M,Dec-67,4.320386
114315,CAN,CPI,TOT_FOODENRG,AGRWTH,M,Jan-68,4.700509
114316,CAN,CPI,TOT_FOODENRG,AGRWTH,M,Feb-68,4.609764
114317,CAN,CPI,TOT_FOODENRG,AGRWTH,M,Mar-68,4.659568
114318,CAN,CPI,TOT_FOODENRG,AGRWTH,M,Apr-68,3.905006
114319,CAN,CPI,TOT_FOODENRG,AGRWTH,M,May-68,3.373339
114320,CAN,CPI,TOT_FOODENRG,AGRWTH,M,Jun-68,3.437325
114321,CAN,CPI,TOT_FOODENRG,AGRWTH,M,Jul-68,4.255283
114322,CAN,CPI,TOT_FOODENRG,AGRWTH,M,Aug-68,4.12929
114323,CAN,CPI,TOT_FOODENRG,AGRWTH,M,Sep-68,3.875538
114324,CAN,CPI,TOT_FOODENRG,AGRWTH,M,Oct-68,3.869334
114325,CAN,CPI,TOT_FOODENRG,AGRWTH,M,Nov-68,5.111353
114326,CAN,CPI,TOT_FOODENRG,AGRWTH,M,Dec-68,4.346551
114327,CAN,CPI,TOT_FOODENRG,AGRWTH,M,Jan-69,3.915503
114328,CAN,CPI,TOT_FOODENRG,AGRWTH,M,Feb-69,3.99169
114329,CAN,CPI,TOT_FOODENRG,AGRWTH,M,Mar-69,3.855999
114330,CAN,CPI,TOT_FOODENRG,AGRWTH,M,Apr-69,5.863726
114331,CAN,CPI,TOT_FOODENRG,AGRWTH,M,May-69,5.751803
114332,CAN,CPI,TOT_FOODENRG,AGRWTH,M,Jun-69,5.405896
114333,CAN,CPI,TOT_FOODENRG,AGRWTH,M,Jul-69,4.943846
114334,CAN,CPI,TOT_FOODENRG,AGRWTH,M,Aug-69,4.849137
114335,CAN,CPI,TOT_FOODENRG,AGRWTH,M,Sep-69,5.026153
114336,CAN,CPI,TOT_FOODENRG,AGRWTH,M,Oct-69,5.018407
114337,CAN,CPI,TOT_FOODENRG,AGRWTH,M,Nov-69,3.708197
114338,CAN,CPI,TOT_FOODENRG,AGRWTH,M,Dec-69,5.046984
114339,CAN,CPI,TOT_FOODENRG,AGRWTH,M,Jan-70,5.728477
114340,CAN,CPI,TOT_FOODENRG,AGRWTH,M,Feb-70,5.338499
114341,CAN,CPI,TOT_FOODENRG,AGRWTH,M,Mar-70,4.683341
114342,CAN,CPI,TOT_FOODENRG,AGRWTH,M,Apr-70,3.303075
114343,CAN,CPI,TOT_FOODENRG,AGRWTH,M,May-70,3.601042
114344,CAN,CPI,TOT_FOODENRG,AGRWTH,M,Jun-70,3.20351
114345,CAN,CPI,TOT_FOODENRG,AGRWTH,M,Jul-70,3.718266
114346,CAN,CPI,TOT_FOODENRG,AGRWTH,M,Aug-70,3.371444
114347,CAN,CPI,TOT_FOODENRG,AGRWTH,M,Sep-70,2.87999
114348,CAN,CPI,TOT_FOODENRG,AGRWTH,M,Oct-70,2.875763
114349,CAN,CPI,TOT_FOODENRG,AGRWTH,M,Nov-70,3.199069
114350,CAN,CPI,TOT_FOODENRG,AGRWTH,M,Dec-70,1.586473
114351,CAN,CPI,TOT_FOODENRG,AGRWTH,M,Jan-71,1.457291
114352,CAN,CPI,TOT_FOODENRG,AGRWTH,M,Feb-71,2.153543
114353,CAN,CPI,TOT_FOODENRG,AGRWTH,M,Mar-71,2.079221
114354,CAN,CPI,TOT_FOODENRG,AGRWTH,M,Apr-71,2.475285
114355,CAN,CPI,TOT_FOODENRG,AGRWTH,M,May-71,2.108654
114356,CAN,CPI,TOT_FOODENRG,AGRWTH,M,Jun-71,2.848529
114357,CAN,CPI,TOT_FOODENRG,AGRWTH,M,Jul-71,2.532305
114358,CAN,CPI,TOT_FOODENRG,AGRWTH,M,Aug-71,3.422486
114359,CAN,CPI,TOT_FOODENRG,AGRWTH,M,Sep-71,3.358961
114360,CAN,CPI,TOT_FOODENRG,AGRWTH,M,Oct-71,3.870075
114361,CAN,CPI,TOT_FOODENRG,AGRWTH,M,Nov-71,3.649999
114362,CAN,CPI,TOT_FOODENRG,AGRWTH,M,Dec-71,4.486379
114363,CAN,CPI,TOT_FOODENRG,AGRWTH,M,Jan-72,4.394189
114364,CAN,CPI,TOT_FOODENRG,AGRWTH,M,Feb-72,4.349478
114365,CAN,CPI,TOT_FOODENRG,AGRWTH,M,Mar-72,5.102427
114366,CAN,CPI,TOT_FOODENRG,AGRWTH,M,Apr-72,4.739742
114367,CAN,CPI,TOT_FOODENRG,AGRWTH,M,May-72,4.954332
114368,CAN,CPI,TOT_FOODENRG,AGRWTH,M,Jun-72,4.349367
114369,CAN,CPI,TOT_FOODENRG,AGRWTH,M,Jul-72,4.608731
114370,CAN,CPI,TOT_FOODENRG,AGRWTH,M,Aug-72,4.503414
114371,CAN,CPI,TOT_FOODENRG,AGRWTH,M,Sep-72,5.378079
114372,CAN,CPI,TOT_FOODENRG,AGRWTH,M,Oct-72,4.847297
114373,CAN,CPI,TOT_FOODENRG,AGRWTH,M,Nov-72,4.894688
114374,CAN,CPI,TOT_FOODENRG,AGRWTH,M,Dec-72,4.945608
114375,CAN,CPI,TOT_FOODENRG,AGRWTH,M,Jan-73,5.149064
114376,CAN,CPI,TOT_FOODENRG,AGRWTH,M,Feb-73,5.46117
114377,CAN,CPI,TOT_FOODENRG,AGRWTH,M,Mar-73,4.779896
114378,CAN,CPI,TOT_FOODENRG,AGRWTH,M,Apr-73,5.597395
114379,CAN,CPI,TOT_FOODENRG,AGRWTH,M,May-73,5.785607
114380,CAN,CPI,TOT_FOODENRG,AGRWTH,M,Jun-73,6.46662
114381,CAN,CPI,TOT_FOODENRG,AGRWTH,M,Jul-73,6.577428
114382,CAN,CPI,TOT_FOODENRG,AGRWTH,M,Aug-73,6.769494
114383,CAN,CPI,TOT_FOODENRG,AGRWTH,M,Sep-73,6.624217
114384,CAN,CPI,TOT_FOODENRG,AGRWTH,M,Oct-73,7.003079
114385,CAN,CPI,TOT_FOODENRG,AGRWTH,M,Nov-73,7.864339
114386,CAN,CPI,TOT_FOODENRG,AGRWTH,M,Dec-73,7.748244
114387,CAN,CPI,TOT_FOODENRG,AGRWTH,M,Jan-74,7.939384
114388,CAN,CPI,TOT_FOODENRG,AGRWTH,M,Feb-74,7.838332
114389,CAN,CPI,TOT_FOODENRG,AGRWTH,M,Mar-74,9.171115
114390,CAN,CPI,TOT_FOODENRG,AGRWTH,M,Apr-74,8.919937
114391,CAN,CPI,TOT_FOODENRG,AGRWTH,M,May-74,10.26643
114392,CAN,CPI,TOT_FOODENRG,AGRWTH,M,Jun-74,10.20242
114393,CAN,CPI,TOT_FOODENRG,AGRWTH,M,Jul-74,9.779254
114394,CAN,CPI,TOT_FOODENRG,AGRWTH,M,Aug-74,10.10384
114395,CAN,CPI,TOT_FOODENRG,AGRWTH,M,Sep-74,10.67133
114396,CAN,CPI,TOT_FOODENRG,AGRWTH,M,Oct-74,11.40197
114397,CAN,CPI,TOT_FOODENRG,AGRWTH,M,Nov-74,11.33011
114398,CAN,CPI,TOT_FOODENRG,AGRWTH,M,Dec-74,12.14964
114399,CAN,CPI,TOT_FOODENRG,AGRWTH,M,Jan-75,11.19104
114400,CAN,CPI,TOT_FOODENRG,AGRWTH,M,Feb-75,11.79181
114401,CAN,CPI,TOT_FOODENRG,AGRWTH,M,Mar-75,10.81638
114402,CAN,CPI,TOT_FOODENRG,AGRWTH,M,Apr-75,10.6155
114403,CAN,CPI,TOT_FOODENRG,AGRWTH,M,May-75,10.13424
114404,CAN,CPI,TOT_FOODENRG,AGRWTH,M,Jun-75,10.21953
114405,CAN,CPI,TOT_FOODENRG,AGRWTH,M,Jul-75,10.30674
114406,CAN,CPI,TOT_FOODENRG,AGRWTH,M,Aug-75,10.13246
114407,CAN,CPI,TOT_FOODENRG,AGRWTH,M,Sep-75,9.602653
114408,CAN,CPI,TOT_FOODENRG,AGRWTH,M,Oct-75,9.205926
114409,CAN,CPI,TOT_FOODENRG,AGRWTH,M,Nov-75,9.498347
114410,CAN,CPI,TOT_FOODENRG,AGRWTH,M,Dec-75,8.872703
114411,CAN,CPI,TOT_FOODENRG,AGRWTH,M,Jan-76,9.345535
114412,CAN,CPI,TOT_FOODENRG,AGRWTH,M,Feb-76,8.994267
114413,CAN,CPI,TOT_FOODENRG,AGRWTH,M,Mar-76,9.174162
114414,CAN,CPI,TOT_FOODENRG,AGRWTH,M,Apr-76,8.860828
114415,CAN,CPI,TOT_FOODENRG,AGRWTH,M,May-76,8.229025
114416,CAN,CPI,TOT_FOODENRG,AGRWTH,M,Jun-76,8.250094
114417,CAN,CPI,TOT_FOODENRG,AGRWTH,M,Jul-76,8.13361
114418,CAN,CPI,TOT_FOODENRG,AGRWTH,M,Aug-76,7.200114
114419,CAN,CPI,TOT_FOODENRG,AGRWTH,M,Sep-76,7.335304
114420,CAN,CPI,TOT_FOODENRG,AGRWTH,M,Oct-76,7.229234
114421,CAN,CPI,TOT_FOODENRG,AGRWTH,M,Nov-76,6.74972
114422,CAN,CPI,TOT_FOODENRG,AGRWTH,M,Dec-76,6.618275
114423,CAN,CPI,TOT_FOODENRG,AGRWTH,M,Jan-77,7.081384
114424,CAN,CPI,TOT_FOODENRG,AGRWTH,M,Feb-77,6.645327
114425,CAN,CPI,TOT_FOODENRG,AGRWTH,M,Mar-77,7.233984
114426,CAN,CPI,TOT_FOODENRG,AGRWTH,M,Apr-77,7.194057
114427,CAN,CPI,TOT_FOODENRG,AGRWTH,M,May-77,7.951111
114428,CAN,CPI,TOT_FOODENRG,AGRWTH,M,Jun-77,7.373949
114429,CAN,CPI,TOT_FOODENRG,AGRWTH,M,Jul-77,7.817617
114430,CAN,CPI,TOT_FOODENRG,AGRWTH,M,Aug-77,7.52143
114431,CAN,CPI,TOT_FOODENRG,AGRWTH,M,Sep-77,7.81965
114432,CAN,CPI,TOT_FOODENRG,AGRWTH,M,Oct-77,7.902122
114433,CAN,CPI,TOT_FOODENRG,AGRWTH,M,Nov-77,7.901073
114434,CAN,CPI,TOT_FOODENRG,AGRWTH,M,Dec-77,8.008934
114435,CAN,CPI,TOT_FOODENRG,AGRWTH,M,Jan-78,7.782082
114436,CAN,CPI,TOT_FOODENRG,AGRWTH,M,Feb-78,8.219638
114437,CAN,CPI,TOT_FOODENRG,AGRWTH,M,Mar-78,7.621703
114438,CAN,CPI,TOT_FOODENRG,AGRWTH,M,Apr-78,7.167689
114439,CAN,CPI,TOT_FOODENRG,AGRWTH,M,May-78,7.030726
114440,CAN,CPI,TOT_FOODENRG,AGRWTH,M,Jun-78,7.60639
114441,CAN,CPI,TOT_FOODENRG,AGRWTH,M,Jul-78,7.3241
114442,CAN,CPI,TOT_FOODENRG,AGRWTH,M,Aug-78,8.067324
114443,CAN,CPI,TOT_FOODENRG,AGRWTH,M,Sep-78,7.170331
114444,CAN,CPI,TOT_FOODENRG,AGRWTH,M,Oct-78,7.932834
114445,CAN,CPI,TOT_FOODENRG,AGRWTH,M,Nov-78,8.003833
114446,CAN,CPI,TOT_FOODENRG,AGRWTH,M,Dec-78,7.701717
114447,CAN,CPI,TOT_FOODENRG,AGRWTH,M,Jan-79,7.218898
114448,CAN,CPI,TOT_FOODENRG,AGRWTH,M,Feb-79,7.573771
114449,CAN,CPI,TOT_FOODENRG,AGRWTH,M,Mar-79,7.865005
114450,CAN,CPI,TOT_FOODENRG,AGRWTH,M,Apr-79,8.600677
114451,CAN,CPI,TOT_FOODENRG,AGRWTH,M,May-79,8.720067
114452,CAN,CPI,TOT_FOODENRG,AGRWTH,M,Jun-79,8.665423
114453,CAN,CPI,TOT_FOODENRG,AGRWTH,M,Jul-79,8.227736
114454,CAN,CPI,TOT_FOODENRG,AGRWTH,M,Aug-79,8.140023
114455,CAN,CPI,TOT_FOODENRG,AGRWTH,M,Sep-79,9.129576
114456,CAN,CPI,TOT_FOODENRG,AGRWTH,M,Oct-79,8.29395
114457,CAN,CPI,TOT_FOODENRG,AGRWTH,M,Nov-79,8.862871
114458,CAN,CPI,TOT_FOODENRG,AGRWTH,M,Dec-79,8.965608
114459,CAN,CPI,TOT_FOODENRG,AGRWTH,M,Jan-80,9.316007
114460,CAN,CPI,TOT_FOODENRG,AGRWTH,M,Feb-80,9.325917
114461,CAN,CPI,TOT_FOODENRG,AGRWTH,M,Mar-80,9.012103
114462,CAN,CPI,TOT_FOODENRG,AGRWTH,M,Apr-80,9.116515
114463,CAN,CPI,TOT_FOODENRG,AGRWTH,M,May-80,9.131186
114464,CAN,CPI,TOT_FOODENRG,AGRWTH,M,Jun-80,9.43198
114465,CAN,CPI,TOT_FOODENRG,AGRWTH,M,Jul-80,9.589323
114466,CAN,CPI,TOT_FOODENRG,AGRWTH,M,Aug-80,10.1849
114467,CAN,CPI,TOT_FOODENRG,AGRWTH,M,Sep-80,9.766701
114468,CAN,CPI,TOT_FOODENRG,AGRWTH,M,Oct-80,9.552625
114469,CAN,CPI,TOT_FOODENRG,AGRWTH,M,Nov-80,9.659401
114470,CAN,CPI,TOT_FOODENRG,AGRWTH,M,Dec-80,9.707593
114471,CAN,CPI,TOT_FOODENRG,AGRWTH,M,Jan-81,10.64085
114472,CAN,CPI,TOT_FOODENRG,AGRWTH,M,Feb-81,10.42
114473,CAN,CPI,TOT_FOODENRG,AGRWTH,M,Mar-81,11.03166
114474,CAN,CPI,TOT_FOODENRG,AGRWTH,M,Apr-81,10.83449
114475,CAN,CPI,TOT_FOODENRG,AGRWTH,M,May-81,10.55665
114476,CAN,CPI,TOT_FOODENRG,AGRWTH,M,Jun-81,10.9338
114477,CAN,CPI,TOT_FOODENRG,AGRWTH,M,Jul-81,10.98925
114478,CAN,CPI,TOT_FOODENRG,AGRWTH,M,Aug-81,10.94935
114479,CAN,CPI,TOT_FOODENRG,AGRWTH,M,Sep-81,11.21028
114480,CAN,CPI,TOT_FOODENRG,AGRWTH,M,Oct-81,11.97151
114481,CAN,CPI,TOT_FOODENRG,AGRWTH,M,Nov-81,11.79393
114482,CAN,CPI,TOT_FOODENRG,AGRWTH,M,Dec-81,11.94134
114483,CAN,CPI,TOT_FOODENRG,AGRWTH,M,Jan-82,11.28896
114484,CAN,CPI,TOT_FOODENRG,AGRWTH,M,Feb-82,11.4041
114485,CAN,CPI,TOT_FOODENRG,AGRWTH,M,Mar-82,11.34887
114486,CAN,CPI,TOT_FOODENRG,AGRWTH,M,Apr-82,11.23468
114487,CAN,CPI,TOT_FOODENRG,AGRWTH,M,May-82,11.37041
114488,CAN,CPI,TOT_FOODENRG,AGRWTH,M,Jun-82,11.08337
114489,CAN,CPI,TOT_FOODENRG,AGRWTH,M,Jul-82,11.01022
114490,CAN,CPI,TOT_FOODENRG,AGRWTH,M,Aug-82,10.61062
114491,CAN,CPI,TOT_FOODENRG,AGRWTH,M,Sep-82,10.22787
114492,CAN,CPI,TOT_FOODENRG,AGRWTH,M,Oct-82,10.18802
114493,CAN,CPI,TOT_FOODENRG,AGRWTH,M,Nov-82,9.572243
114494,CAN,CPI,TOT_FOODENRG,AGRWTH,M,Dec-82,9.255008
114495,CAN,CPI,TOT_FOODENRG,AGRWTH,M,Jan-83,8.441381
114496,CAN,CPI,TOT_FOODENRG,AGRWTH,M,Feb-83,8.062622
114497,CAN,CPI,TOT_FOODENRG,AGRWTH,M,Mar-83,7.583412
114498,CAN,CPI,TOT_FOODENRG,AGRWTH,M,Apr-83,7.34192
114499,CAN,CPI,TOT_FOODENRG,AGRWTH,M,May-83,6.386315
114500,CAN,CPI,TOT_FOODENRG,AGRWTH,M,Jun-83,5.760288
114501,CAN,CPI,TOT_FOODENRG,AGRWTH,M,Jul-83,5.614057
114502,CAN,CPI,TOT_FOODENRG,AGRWTH,M,Aug-83,5.576198
114503,CAN,CPI,TOT_FOODENRG,AGRWTH,M,Sep-83,5.442965
114504,CAN,CPI,TOT_FOODENRG,AGRWTH,M,Oct-83,5.032349
114505,CAN,CPI,TOT_FOODENRG,AGRWTH,M,Nov-83,4.710987
114506,CAN,CPI,TOT_FOODENRG,AGRWTH,M,Dec-83,4.576357
114507,CAN,CPI,TOT_FOODENRG,AGRWTH,M,Jan-84,4.863101
114508,CAN,CPI,TOT_FOODENRG,AGRWTH,M,Feb-84,4.441562
114509,CAN,CPI,TOT_FOODENRG,AGRWTH,M,Mar-84,4.146059
114510,CAN,CPI,TOT_FOODENRG,AGRWTH,M,Apr-84,4.206767
114511,CAN,CPI,TOT_FOODENRG,AGRWTH,M,May-84,4.124244
114512,CAN,CPI,TOT_FOODENRG,AGRWTH,M,Jun-84,4.21869
114513,CAN,CPI,TOT_FOODENRG,AGRWTH,M,Jul-84,3.785228
114514,CAN,CPI,TOT_FOODENRG,AGRWTH,M,Aug-84,3.503463
114515,CAN,CPI,TOT_FOODENRG,AGRWTH,M,Sep-84,3.570714
114516,CAN,CPI,TOT_FOODENRG,AGRWTH,M,Oct-84,3.218396
114517,CAN,CPI,TOT_FOODENRG,AGRWTH,M,Nov-84,3.330829
114518,CAN,CPI,TOT_FOODENRG,AGRWTH,M,Dec-84,3.228141
114519,CAN,CPI,TOT_FOODENRG,AGRWTH,M,Jan-85,3.231752
114520,CAN,CPI,TOT_FOODENRG,AGRWTH,M,Feb-85,3.546702
114521,CAN,CPI,TOT_FOODENRG,AGRWTH,M,Mar-85,3.531623
114522,CAN,CPI,TOT_FOODENRG,AGRWTH,M,Apr-85,3.532893
114523,CAN,CPI,TOT_FOODENRG,AGRWTH,M,May-85,4.01475
114524,CAN,CPI,TOT_FOODENRG,AGRWTH,M,Jun-85,4.073004
114525,CAN,CPI,TOT_FOODENRG,AGRWTH,M,Jul-85,4.654195
114526,CAN,CPI,TOT_FOODENRG,AGRWTH,M,Aug-85,4.471246
114527,CAN,CPI,TOT_FOODENRG,AGRWTH,M,Sep-85,4.330194
114528,CAN,CPI,TOT_FOODENRG,AGRWTH,M,Oct-85,4.321442
114529,CAN,CPI,TOT_FOODENRG,AGRWTH,M,Nov-85,4.230911
114530,CAN,CPI,TOT_FOODENRG,AGRWTH,M,Dec-85,4.597746
114531,CAN,CPI,TOT_FOODENRG,AGRWTH,M,Jan-86,4.56996
114532,CAN,CPI,TOT_FOODENRG,AGRWTH,M,Feb-86,4.652767
114533,CAN,CPI,TOT_FOODENRG,AGRWTH,M,Mar-86,5.176029
114534,CAN,CPI,TOT_FOODENRG,AGRWTH,M,Apr-86,5.329441
114535,CAN,CPI,TOT_FOODENRG,AGRWTH,M,May-86,5.59598
114536,CAN,CPI,TOT_FOODENRG,AGRWTH,M,Jun-86,5.233273
114537,CAN,CPI,TOT_FOODENRG,AGRWTH,M,Jul-86,5.410159
114538,CAN,CPI,TOT_FOODENRG,AGRWTH,M,Aug-86,5.399315
114539,CAN,CPI,TOT_FOODENRG,AGRWTH,M,Sep-86,5.164577
114540,CAN,CPI,TOT_FOODENRG,AGRWTH,M,Oct-86,5.566557
114541,CAN,CPI,TOT_FOODENRG,AGRWTH,M,Nov-86,5.696922
114542,CAN,CPI,TOT_FOODENRG,AGRWTH,M,Dec-86,5.638344
114543,CAN,CPI,TOT_FOODENRG,AGRWTH,M,Jan-87,5.493667
114544,CAN,CPI,TOT_FOODENRG,AGRWTH,M,Feb-87,5.129279
114545,CAN,CPI,TOT_FOODENRG,AGRWTH,M,Mar-87,4.589874
114546,CAN,CPI,TOT_FOODENRG,AGRWTH,M,Apr-87,4.772366
114547,CAN,CPI,TOT_FOODENRG,AGRWTH,M,May-87,4.469791
114548,CAN,CPI,TOT_FOODENRG,AGRWTH,M,Jun-87,4.233639
114549,CAN,CPI,TOT_FOODENRG,AGRWTH,M,Jul-87,4.118694
114550,CAN,CPI,TOT_FOODENRG,AGRWTH,M,Aug-87,4.408739
114551,CAN,CPI,TOT_FOODENRG,AGRWTH,M,Sep-87,4.465325
114552,CAN,CPI,TOT_FOODENRG,AGRWTH,M,Oct-87,4.028063
114553,CAN,CPI,TOT_FOODENRG,AGRWTH,M,Nov-87,4.119877
114554,CAN,CPI,TOT_FOODENRG,AGRWTH,M,Dec-87,4.164541
114555,CAN,CPI,TOT_FOODENRG,AGRWTH,M,Jan-88,4.071493
114556,CAN,CPI,TOT_FOODENRG,AGRWTH,M,Feb-88,4.455365
114557,CAN,CPI,TOT_FOODENRG,AGRWTH,M,Mar-88,5.119831
114558,CAN,CPI,TOT_FOODENRG,AGRWTH,M,Apr-88,4.554647
114559,CAN,CPI,TOT_FOODENRG,AGRWTH,M,May-88,4.523265
114560,CAN,CPI,TOT_FOODENRG,AGRWTH,M,Jun-88,4.77013
114561,CAN,CPI,TOT_FOODENRG,AGRWTH,M,Jul-88,4.633518
114562,CAN,CPI,TOT_FOODENRG,AGRWTH,M,Aug-88,4.508104
114563,CAN,CPI,TOT_FOODENRG,AGRWTH,M,Sep-88,4.68032
114564,CAN,CPI,TOT_FOODENRG,AGRWTH,M,Oct-88,5.101283
114565,CAN,CPI,TOT_FOODENRG,AGRWTH,M,Nov-88,5.029753
114566,CAN,CPI,TOT_FOODENRG,AGRWTH,M,Dec-88,4.909114
114567,CAN,CPI,TOT_FOODENRG,AGRWTH,M,Jan-89,5.338311
114568,CAN,CPI,TOT_FOODENRG,AGRWTH,M,Feb-89,5.253483
114569,CAN,CPI,TOT_FOODENRG,AGRWTH,M,Mar-89,5.014452
114570,CAN,CPI,TOT_FOODENRG,AGRWTH,M,Apr-89,5.042872
114571,CAN,CPI,TOT_FOODENRG,AGRWTH,M,May-89,5.434981
114572,CAN,CPI,TOT_FOODENRG,AGRWTH,M,Jun-89,5.558535
114573,CAN,CPI,TOT_FOODENRG,AGRWTH,M,Jul-89,5.690314
114574,CAN,CPI,TOT_FOODENRG,AGRWTH,M,Aug-89,5.711531
114575,CAN,CPI,TOT_FOODENRG,AGRWTH,M,Sep-89,5.790401
114576,CAN,CPI,TOT_FOODENRG,AGRWTH,M,Oct-89,5.481175
114577,CAN,CPI,TOT_FOODENRG,AGRWTH,M,Nov-89,5.403779
114578,CAN,CPI,TOT_FOODENRG,AGRWTH,M,Dec-89,5.452373
114579,CAN,CPI,TOT_FOODENRG,AGRWTH,M,Jan-90,5.332558
114580,CAN,CPI,TOT_FOODENRG,AGRWTH,M,Feb-90,5.201482
114581,CAN,CPI,TOT_FOODENRG,AGRWTH,M,Mar-90,4.909041
114582,CAN,CPI,TOT_FOODENRG,AGRWTH,M,Apr-90,4.849649
114583,CAN,CPI,TOT_FOODENRG,AGRWTH,M,May-90,4.464878
114584,CAN,CPI,TOT_FOODENRG,AGRWTH,M,Jun-90,4.246859
114585,CAN,CPI,TOT_FOODENRG,AGRWTH,M,Jul-90,3.979525
114586,CAN,CPI,TOT_FOODENRG,AGRWTH,M,Aug-90,4.041532
114587,CAN,CPI,TOT_FOODENRG,AGRWTH,M,Sep-90,4.015618
114588,CAN,CPI,TOT_FOODENRG,AGRWTH,M,Oct-90,4.154345
114589,CAN,CPI,TOT_FOODENRG,AGRWTH,M,Nov-90,4.292303
114590,CAN,CPI,TOT_FOODENRG,AGRWTH,M,Dec-90,4.094698
114591,CAN,CPI,TOT_FOODENRG,AGRWTH,M,Jan-91,6.339197
114592,CAN,CPI,TOT_FOODENRG,AGRWTH,M,Feb-91,6.404633
114593,CAN,CPI,TOT_FOODENRG,AGRWTH,M,Mar-91,6.782055
114594,CAN,CPI,TOT_FOODENRG,AGRWTH,M,Apr-91,6.724909
114595,CAN,CPI,TOT_FOODENRG,AGRWTH,M,May-91,6.529452
114596,CAN,CPI,TOT_FOODENRG,AGRWTH,M,Jun-91,6.57146
114597,CAN,CPI,TOT_FOODENRG,AGRWTH,M,Jul-91,6.323826
114598,CAN,CPI,TOT_FOODENRG,AGRWTH,M,Aug-91,6.409709
114599,CAN,CPI,TOT_FOODENRG,AGRWTH,M,Sep-91,6.064668
114600,CAN,CPI,TOT_FOODENRG,AGRWTH,M,Oct-91,5.676626
114601,CAN,CPI,TOT_FOODENRG,AGRWTH,M,Nov-91,5.64474
114602,CAN,CPI,TOT_FOODENRG,AGRWTH,M,Dec-91,5.331289
114603,CAN,CPI,TOT_FOODENRG,AGRWTH,M,Jan-92,3.021212
114604,CAN,CPI,TOT_FOODENRG,AGRWTH,M,Feb-92,2.636748
114605,CAN,CPI,TOT_FOODENRG,AGRWTH,M,Mar-92,2.301786
114606,CAN,CPI,TOT_FOODENRG,AGRWTH,M,Apr-92,2.300686
114607,CAN,CPI,TOT_FOODENRG,AGRWTH,M,May-92,2.027675
114608,CAN,CPI,TOT_FOODENRG,AGRWTH,M,Jun-92,1.85885
114609,CAN,CPI,TOT_FOODENRG,AGRWTH,M,Jul-92,1.836257
114610,CAN,CPI,TOT_FOODENRG,AGRWTH,M,Aug-92,1.52549
114611,CAN,CPI,TOT_FOODENRG,AGRWTH,M,Sep-92,1.74555
114612,CAN,CPI,TOT_FOODENRG,AGRWTH,M,Oct-92,1.709538
114613,CAN,CPI,TOT_FOODENRG,AGRWTH,M,Nov-92,1.738142
114614,CAN,CPI,TOT_FOODENRG,AGRWTH,M,Dec-92,1.991481
114615,CAN,CPI,TOT_FOODENRG,AGRWTH,M,Jan-93,2.053445
114616,CAN,CPI,TOT_FOODENRG,AGRWTH,M,Feb-93,2.214684
114617,CAN,CPI,TOT_FOODENRG,AGRWTH,M,Mar-93,1.822994
114618,CAN,CPI,TOT_FOODENRG,AGRWTH,M,Apr-93,1.799642
114619,CAN,CPI,TOT_FOODENRG,AGRWTH,M,May-93,1.765646
114620,CAN,CPI,TOT_FOODENRG,AGRWTH,M,Jun-93,1.672729
114621,CAN,CPI,TOT_FOODENRG,AGRWTH,M,Jul-93,1.864761
114622,CAN,CPI,TOT_FOODENRG,AGRWTH,M,Aug-93,2.034199
114623,CAN,CPI,TOT_FOODENRG,AGRWTH,M,Sep-93,1.918744
114624,CAN,CPI,TOT_FOODENRG,AGRWTH,M,Oct-93,2.04335
114625,CAN,CPI,TOT_FOODENRG,AGRWTH,M,Nov-93,2.092404
114626,CAN,CPI,TOT_FOODENRG,AGRWTH,M,Dec-93,1.876592
114627,CAN,CPI,TOT_FOODENRG,AGRWTH,M,Jan-94,1.651087
114628,CAN,CPI,TOT_FOODENRG,AGRWTH,M,Feb-94,0.2502425
114629,CAN,CPI,TOT_FOODENRG,AGRWTH,M,Mar-94,0.3734141
114630,CAN,CPI,TOT_FOODENRG,AGRWTH,M,Apr-94,0.2551512
114631,CAN,CPI,TOT_FOODENRG,AGRWTH,M,May-94,-0.1555793
114632,CAN,CPI,TOT_FOODENRG,AGRWTH,M,Jun-94,0.03582471
114633,CAN,CPI,TOT_FOODENRG,AGRWTH,M,Jul-94,-0.0584998
114634,CAN,CPI,TOT_FOODENRG,AGRWTH,M,Aug-94,-0.2321367
114635,CAN,CPI,TOT_FOODENRG,AGRWTH,M,Sep-94,0.1273732
114636,CAN,CPI,TOT_FOODENRG,AGRWTH,M,Oct-94,-0.363639
114637,CAN,CPI,TOT_FOODENRG,AGRWTH,M,Nov-94,-0.3152052
114638,CAN,CPI,TOT_FOODENRG,AGRWTH,M,Dec-94,0.1271306
114639,CAN,CPI,TOT_FOODENRG,AGRWTH,M,Jan-95,0.2679586
114640,CAN,CPI,TOT_FOODENRG,AGRWTH,M,Feb-95,1.73739
114641,CAN,CPI,TOT_FOODENRG,AGRWTH,M,Mar-95,1.866989
114642,CAN,CPI,TOT_FOODENRG,AGRWTH,M,Apr-95,2.09873
114643,CAN,CPI,TOT_FOODENRG,AGRWTH,M,May-95,2.720329
114644,CAN,CPI,TOT_FOODENRG,AGRWTH,M,Jun-95,2.601679
114645,CAN,CPI,TOT_FOODENRG,AGRWTH,M,Jul-95,2.72427
114646,CAN,CPI,TOT_FOODENRG,AGRWTH,M,Aug-95,2.635107
114647,CAN,CPI,TOT_FOODENRG,AGRWTH,M,Sep-95,2.403683
114648,CAN,CPI,TOT_FOODENRG,AGRWTH,M,Oct-95,2.523847
114649,CAN,CPI,TOT_FOODENRG,AGRWTH,M,Nov-95,2.441542
114650,CAN,CPI,TOT_FOODENRG,AGRWTH,M,Dec-95,1.77674
114651,CAN,CPI,TOT_FOODENRG,AGRWTH,M,Jan-96,1.822691
114652,CAN,CPI,TOT_FOODENRG,AGRWTH,M,Feb-96,1.536082
114653,CAN,CPI,TOT_FOODENRG,AGRWTH,M,Mar-96,1.639287
114654,CAN,CPI,TOT_FOODENRG,AGRWTH,M,Apr-96,1.455621
114655,CAN,CPI,TOT_FOODENRG,AGRWTH,M,May-96,1.451682
114656,CAN,CPI,TOT_FOODENRG,AGRWTH,M,Jun-96,1.490557
114657,CAN,CPI,TOT_FOODENRG,AGRWTH,M,Jul-96,1.406179
114658,CAN,CPI,TOT_FOODENRG,AGRWTH,M,Aug-96,1.415304
114659,CAN,CPI,TOT_FOODENRG,AGRWTH,M,Sep-96,1.367597
114660,CAN,CPI,TOT_FOODENRG,AGRWTH,M,Oct-96,1.378294
114661,CAN,CPI,TOT_FOODENRG,AGRWTH,M,Nov-96,1.353562
114662,CAN,CPI,TOT_FOODENRG,AGRWTH,M,Dec-96,1.835616
114663,CAN,CPI,TOT_FOODENRG,AGRWTH,M,Jan-97,1.783967
114664,CAN,CPI,TOT_FOODENRG,AGRWTH,M,Feb-97,1.80695
114665,CAN,CPI,TOT_FOODENRG,AGRWTH,M,Mar-97,1.642863
114666,CAN,CPI,TOT_FOODENRG,AGRWTH,M,Apr-97,1.891839
114667,CAN,CPI,TOT_FOODENRG,AGRWTH,M,May-97,1.715653
114668,CAN,CPI,TOT_FOODENRG,AGRWTH,M,Jun-97,1.88225
114669,CAN,CPI,TOT_FOODENRG,AGRWTH,M,Jul-97,1.587054
114670,CAN,CPI,TOT_FOODENRG,AGRWTH,M,Aug-97,1.610271
114671,CAN,CPI,TOT_FOODENRG,AGRWTH,M,Sep-97,1.62508
114672,CAN,CPI,TOT_FOODENRG,AGRWTH,M,Oct-97,1.701822
114673,CAN,CPI,TOT_FOODENRG,AGRWTH,M,Nov-97,1.067117
114674,CAN,CPI,TOT_FOODENRG,AGRWTH,M,Dec-97,0.9848019
114675,CAN,CPI,TOT_FOODENRG,AGRWTH,M,Jan-98,1.257966
114676,CAN,CPI,TOT_FOODENRG,AGRWTH,M,Feb-98,1.557614
114677,CAN,CPI,TOT_FOODENRG,AGRWTH,M,Mar-98,1.543348
114678,CAN,CPI,TOT_FOODENRG,AGRWTH,M,Apr-98,1.227297
114679,CAN,CPI,TOT_FOODENRG,AGRWTH,M,May-98,1.358942
114680,CAN,CPI,TOT_FOODENRG,AGRWTH,M,Jun-98,1.172635
114681,CAN,CPI,TOT_FOODENRG,AGRWTH,M,Jul-98,1.345059
114682,CAN,CPI,TOT_FOODENRG,AGRWTH,M,Aug-98,1.413973
114683,CAN,CPI,TOT_FOODENRG,AGRWTH,M,Sep-98,1.308976
114684,CAN,CPI,TOT_FOODENRG,AGRWTH,M,Oct-98,1.600356
114685,CAN,CPI,TOT_FOODENRG,AGRWTH,M,Nov-98,1.597766
114686,CAN,CPI,TOT_FOODENRG,AGRWTH,M,Dec-98,1.391895
114687,CAN,CPI,TOT_FOODENRG,AGRWTH,M,Jan-99,0.9778854
114688,CAN,CPI,TOT_FOODENRG,AGRWTH,M,Feb-99,0.8186755
114689,CAN,CPI,TOT_FOODENRG,AGRWTH,M,Mar-99,1.032773
114690,CAN,CPI,TOT_FOODENRG,AGRWTH,M,Apr-99,1.437981
114691,CAN,CPI,TOT_FOODENRG,AGRWTH,M,May-99,1.418299
114692,CAN,CPI,TOT_FOODENRG,AGRWTH,M,Jun-99,1.697511
114693,CAN,CPI,TOT_FOODENRG,AGRWTH,M,Jul-99,1.648142
114694,CAN,CPI,TOT_FOODENRG,AGRWTH,M,Aug-99,1.615686
114695,CAN,CPI,TOT_FOODENRG,AGRWTH,M,Sep-99,1.971566
114696,CAN,CPI,TOT_FOODENRG,AGRWTH,M,Oct-99,1.625786
114697,CAN,CPI,TOT_FOODENRG,AGRWTH,M,Nov-99,1.679643
114698,CAN,CPI,TOT_FOODENRG,AGRWTH,M,Dec-99,1.814205
114699,CAN,CPI,TOT_FOODENRG,AGRWTH,M,Jan-00,1.545846
114700,CAN,CPI,TOT_FOODENRG,AGRWTH,M,Feb-00,1.777554
114701,CAN,CPI,TOT_FOODENRG,AGRWTH,M,Mar-00,1.814609
114702,CAN,CPI,TOT_FOODENRG,AGRWTH,M,Apr-00,1.474551
114703,CAN,CPI,TOT_FOODENRG,AGRWTH,M,May-00,1.567738
114704,CAN,CPI,TOT_FOODENRG,AGRWTH,M,Jun-00,1.550542
114705,CAN,CPI,TOT_FOODENRG,AGRWTH,M,Jul-00,1.644843
114706,CAN,CPI,TOT_FOODENRG,AGRWTH,M,Aug-00,1.667817
114707,CAN,CPI,TOT_FOODENRG,AGRWTH,M,Sep-00,1.498098
114708,CAN,CPI,TOT_FOODENRG,AGRWTH,M,Oct-00,1.676037
114709,CAN,CPI,TOT_FOODENRG,AGRWTH,M,Nov-00,1.861629
114710,CAN,CPI,TOT_FOODENRG,AGRWTH,M,Dec-00,2.079151
114711,CAN,CPI,TOT_FOODENRG,AGRWTH,M,Jan-01,2.091622
114712,CAN,CPI,TOT_FOODENRG,AGRWTH,M,Feb-01,2.121444
114713,CAN,CPI,TOT_FOODENRG,AGRWTH,M,Mar-01,1.764305
114714,CAN,CPI,TOT_FOODENRG,AGRWTH,M,Apr-01,2.249632
114715,CAN,CPI,TOT_FOODENRG,AGRWTH,M,May-01,2.269482
114716,CAN,CPI,TOT_FOODENRG,AGRWTH,M,Jun-01,2.282238
114717,CAN,CPI,TOT_FOODENRG,AGRWTH,M,Jul-01,2.35224
114718,CAN,CPI,TOT_FOODENRG,AGRWTH,M,Aug-01,2.386228
114719,CAN,CPI,TOT_FOODENRG,AGRWTH,M,Sep-01,2.266207
114720,CAN,CPI,TOT_FOODENRG,AGRWTH,M,Oct-01,2.002251
114721,CAN,CPI,TOT_FOODENRG,AGRWTH,M,Nov-01,1.650119
114722,CAN,CPI,TOT_FOODENRG,AGRWTH,M,Dec-01,1.659386
114723,CAN,CPI,TOT_FOODENRG,AGRWTH,M,Jan-02,1.739773
114724,CAN,CPI,TOT_FOODENRG,AGRWTH,M,Feb-02,1.779068
114725,CAN,CPI,TOT_FOODENRG,AGRWTH,M,Mar-02,2.243201
114726,CAN,CPI,TOT_FOODENRG,AGRWTH,M,Apr-02,2.296341
114727,CAN,CPI,TOT_FOODENRG,AGRWTH,M,May-02,2.437073
114728,CAN,CPI,TOT_FOODENRG,AGRWTH,M,Jun-02,2.478026
114729,CAN,CPI,TOT_FOODENRG,AGRWTH,M,Jul-02,2.813699
114730,CAN,CPI,TOT_FOODENRG,AGRWTH,M,Aug-02,2.919718
114731,CAN,CPI,TOT_FOODENRG,AGRWTH,M,Sep-02,2.882517
114732,CAN,CPI,TOT_FOODENRG,AGRWTH,M,Oct-02,3.152896
114733,CAN,CPI,TOT_FOODENRG,AGRWTH,M,Nov-02,3.713097
114734,CAN,CPI,TOT_FOODENRG,AGRWTH,M,Dec-02,3.722203
114735,CAN,CPI,TOT_FOODENRG,AGRWTH,M,Jan-03,3.844825
114736,CAN,CPI,TOT_FOODENRG,AGRWTH,M,Feb-03,3.769893
114737,CAN,CPI,TOT_FOODENRG,AGRWTH,M,Mar-03,3.319719
114738,CAN,CPI,TOT_FOODENRG,AGRWTH,M,Apr-03,2.889872
114739,CAN,CPI,TOT_FOODENRG,AGRWTH,M,May-03,2.765708
114740,CAN,CPI,TOT_FOODENRG,AGRWTH,M,Jun-03,2.205568
114741,CAN,CPI,TOT_FOODENRG,AGRWTH,M,Jul-03,1.676007
114742,CAN,CPI,TOT_FOODENRG,AGRWTH,M,Aug-03,1.49249
114743,CAN,CPI,TOT_FOODENRG,AGRWTH,M,Sep-03,1.807184
114744,CAN,CPI,TOT_FOODENRG,AGRWTH,M,Oct-03,1.813574
114745,CAN,CPI,TOT_FOODENRG,AGRWTH,M,Nov-03,1.880161
114746,CAN,CPI,TOT_FOODENRG,AGRWTH,M,Dec-03,1.689833
114747,CAN,CPI,TOT_FOODENRG,AGRWTH,M,Jan-04,1.659519
114748,CAN,CPI,TOT_FOODENRG,AGRWTH,M,Feb-04,1.149534
114749,CAN,CPI,TOT_FOODENRG,AGRWTH,M,Mar-04,1.390389
114750,CAN,CPI,TOT_FOODENRG,AGRWTH,M,Apr-04,1.388285
114751,CAN,CPI,TOT_FOODENRG,AGRWTH,M,May-04,1.260309
114752,CAN,CPI,TOT_FOODENRG,AGRWTH,M,Jun-04,1.543644
114753,CAN,CPI,TOT_FOODENRG,AGRWTH,M,Jul-04,1.553011
114754,CAN,CPI,TOT_FOODENRG,AGRWTH,M,Aug-04,1.26013
114755,CAN,CPI,TOT_FOODENRG,AGRWTH,M,Sep-04,1.277574
114756,CAN,CPI,TOT_FOODENRG,AGRWTH,M,Oct-04,1.007046
114757,CAN,CPI,TOT_FOODENRG,AGRWTH,M,Nov-04,1.233375
114758,CAN,CPI,TOT_FOODENRG,AGRWTH,M,Dec-04,1.37161
114759,CAN,CPI,TOT_FOODENRG,AGRWTH,M,Jan-05,1.272996
114760,CAN,CPI,TOT_FOODENRG,AGRWTH,M,Feb-05,1.517305
114761,CAN,CPI,TOT_FOODENRG,AGRWTH,M,Mar-05,1.46067
114762,CAN,CPI,TOT_FOODENRG,AGRWTH,M,Apr-05,1.194008
114763,CAN,CPI,TOT_FOODENRG,AGRWTH,M,May-05,1.351326
114764,CAN,CPI,TOT_FOODENRG,AGRWTH,M,Jun-05,1.353819
114765,CAN,CPI,TOT_FOODENRG,AGRWTH,M,Jul-05,1.138042
114766,CAN,CPI,TOT_FOODENRG,AGRWTH,M,Aug-05,1.471293
114767,CAN,CPI,TOT_FOODENRG,AGRWTH,M,Sep-05,1.364328
114768,CAN,CPI,TOT_FOODENRG,AGRWTH,M,Oct-05,1.440998
114769,CAN,CPI,TOT_FOODENRG,AGRWTH,M,Nov-05,1.381763
114770,CAN,CPI,TOT_FOODENRG,AGRWTH,M,Dec-05,1.332746
114771,CAN,CPI,TOT_FOODENRG,AGRWTH,M,Jan-06,0.9985423
114772,CAN,CPI,TOT_FOODENRG,AGRWTH,M,Feb-06,1.144594
114773,CAN,CPI,TOT_FOODENRG,AGRWTH,M,Mar-06,1.279029
114774,CAN,CPI,TOT_FOODENRG,AGRWTH,M,Apr-06,1.24572
114775,CAN,CPI,TOT_FOODENRG,AGRWTH,M,May-06,1.30752
114776,CAN,CPI,TOT_FOODENRG,AGRWTH,M,Jun-06,1.11322
114777,CAN,CPI,TOT_FOODENRG,AGRWTH,M,Jul-06,0.9153873
114778,CAN,CPI,TOT_FOODENRG,AGRWTH,M,Aug-06,1.066381
114779,CAN,CPI,TOT_FOODENRG,AGRWTH,M,Sep-06,1.543235
114780,CAN,CPI,TOT_FOODENRG,AGRWTH,M,Oct-06,1.811825
114781,CAN,CPI,TOT_FOODENRG,AGRWTH,M,Nov-06,1.45592
114782,CAN,CPI,TOT_FOODENRG,AGRWTH,M,Dec-06,1.384849
114783,CAN,CPI,TOT_FOODENRG,AGRWTH,M,Jan-07,1.931163
114784,CAN,CPI,TOT_FOODENRG,AGRWTH,M,Feb-07,1.92723
114785,CAN,CPI,TOT_FOODENRG,AGRWTH,M,Mar-07,1.685519
114786,CAN,CPI,TOT_FOODENRG,AGRWTH,M,Apr-07,2.179158
114787,CAN,CPI,TOT_FOODENRG,AGRWTH,M,May-07,2.020396
114788,CAN,CPI,TOT_FOODENRG,AGRWTH,M,Jun-07,2.158495
114789,CAN,CPI,TOT_FOODENRG,AGRWTH,M,Jul-07,2.720891
114790,CAN,CPI,TOT_FOODENRG,AGRWTH,M,Aug-07,2.531113
114791,CAN,CPI,TOT_FOODENRG,AGRWTH,M,Sep-07,2.142467
114792,CAN,CPI,TOT_FOODENRG,AGRWTH,M,Oct-07,1.800377
114793,CAN,CPI,TOT_FOODENRG,AGRWTH,M,Nov-07,1.700019
114794,CAN,CPI,TOT_FOODENRG,AGRWTH,M,Dec-07,1.690417
114795,CAN,CPI,TOT_FOODENRG,AGRWTH,M,Jan-08,1.164712
114796,CAN,CPI,TOT_FOODENRG,AGRWTH,M,Feb-08,1.105678
114797,CAN,CPI,TOT_FOODENRG,AGRWTH,M,Mar-08,1.004142
114798,CAN,CPI,TOT_FOODENRG,AGRWTH,M,Apr-08,0.8887422
114799,CAN,CPI,TOT_FOODENRG,AGRWTH,M,May-08,0.8723522
114800,CAN,CPI,TOT_FOODENRG,AGRWTH,M,Jun-08,0.9222738
114801,CAN,CPI,TOT_FOODENRG,AGRWTH,M,Jul-08,0.6260122
114802,CAN,CPI,TOT_FOODENRG,AGRWTH,M,Aug-08,0.8116294
114803,CAN,CPI,TOT_FOODENRG,AGRWTH,M,Sep-08,0.7832826
114804,CAN,CPI,TOT_FOODENRG,AGRWTH,M,Oct-08,0.9296167
114805,CAN,CPI,TOT_FOODENRG,AGRWTH,M,Nov-08,1.852978
114806,CAN,CPI,TOT_FOODENRG,AGRWTH,M,Dec-08,1.814211
114807,CAN,CPI,TOT_FOODENRG,AGRWTH,M,Jan-09,1.746699
114808,CAN,CPI,TOT_FOODENRG,AGRWTH,M,Feb-09,1.831011
114809,CAN,CPI,TOT_FOODENRG,AGRWTH,M,Mar-09,1.933951
114810,CAN,CPI,TOT_FOODENRG,AGRWTH,M,Apr-09,2.016727
114811,CAN,CPI,TOT_FOODENRG,AGRWTH,M,May-09,2.083443
114812,CAN,CPI,TOT_FOODENRG,AGRWTH,M,Jun-09,2.007285
114813,CAN,CPI,TOT_FOODENRG,AGRWTH,M,Jul-09,2.062744
114814,CAN,CPI,TOT_FOODENRG,AGRWTH,M,Aug-09,1.614555
114815,CAN,CPI,TOT_FOODENRG,AGRWTH,M,Sep-09,1.614689
114816,CAN,CPI,TOT_FOODENRG,AGRWTH,M,Oct-09,1.752389
114817,CAN,CPI,TOT_FOODENRG,AGRWTH,M,Nov-09,0.8739535
114818,CAN,CPI,TOT_FOODENRG,AGRWTH,M,Dec-09,0.7449123
114819,CAN,CPI,TOT_FOODENRG,AGRWTH,M,Jan-10,1.266837
114820,CAN,CPI,TOT_FOODENRG,AGRWTH,M,Feb-10,1.487193
114821,CAN,CPI,TOT_FOODENRG,AGRWTH,M,Mar-10,1.001669
114822,CAN,CPI,TOT_FOODENRG,AGRWTH,M,Apr-10,1.127607
114823,CAN,CPI,TOT_FOODENRG,AGRWTH,M,May-10,1.014768
114824,CAN,CPI,TOT_FOODENRG,AGRWTH,M,Jun-10,1.115403
114825,CAN,CPI,TOT_FOODENRG,AGRWTH,M,Jul-10,1.305036
114826,CAN,CPI,TOT_FOODENRG,AGRWTH,M,Aug-10,1.462968
114827,CAN,CPI,TOT_FOODENRG,AGRWTH,M,Sep-10,1.454786
114828,CAN,CPI,TOT_FOODENRG,AGRWTH,M,Oct-10,1.694854
114829,CAN,CPI,TOT_FOODENRG,AGRWTH,M,Nov-10,1.59102
114830,CAN,CPI,TOT_FOODENRG,AGRWTH,M,Dec-10,1.495181
114831,CAN,CPI,TOT_FOODENRG,AGRWTH,M,Jan-11,1.516656
114832,CAN,CPI,TOT_FOODENRG,AGRWTH,M,Feb-11,1.082592
114833,CAN,CPI,TOT_FOODENRG,AGRWTH,M,Mar-11,1.952639
114834,CAN,CPI,TOT_FOODENRG,AGRWTH,M,Apr-11,1.347659
114835,CAN,CPI,TOT_FOODENRG,AGRWTH,M,May-11,1.852626
114836,CAN,CPI,TOT_FOODENRG,AGRWTH,M,Jun-11,1.139166
114837,CAN,CPI,TOT_FOODENRG,AGRWTH,M,Jul-11,0.9633194
114838,CAN,CPI,TOT_FOODENRG,AGRWTH,M,Aug-11,1.358209
114839,CAN,CPI,TOT_FOODENRG,AGRWTH,M,Sep-11,1.638846
114840,CAN,CPI,TOT_FOODENRG,AGRWTH,M,Oct-11,1.379196
114841,CAN,CPI,TOT_FOODENRG,AGRWTH,M,Nov-11,1.612096
114842,CAN,CPI,TOT_FOODENRG,AGRWTH,M,Dec-11,1.350954
114843,CAN,CPI,TOT_FOODENRG,AGRWTH,M,Jan-12,1.501076
114844,CAN,CPI,TOT_FOODENRG,AGRWTH,M,Feb-12,1.632921
114845,CAN,CPI,TOT_FOODENRG,AGRWTH,M,Mar-12,1.437986
114846,CAN,CPI,TOT_FOODENRG,AGRWTH,M,Apr-12,2.079507
114847,CAN,CPI,TOT_FOODENRG,AGRWTH,M,May-12,1.483673
114848,CAN,CPI,TOT_FOODENRG,AGRWTH,M,Jun-12,1.814061
114849,CAN,CPI,TOT_FOODENRG,AGRWTH,M,Jul-12,1.520488
114850,CAN,CPI,TOT_FOODENRG,AGRWTH,M,Aug-12,1.15178
114851,CAN,CPI,TOT_FOODENRG,AGRWTH,M,Sep-12,0.8468496
114852,CAN,CPI,TOT_FOODENRG,AGRWTH,M,Oct-12,0.9675071
114853,CAN,CPI,TOT_FOODENRG,AGRWTH,M,Nov-12,0.8769087
114854,CAN,CPI,TOT_FOODENRG,AGRWTH,M,Dec-12,0.9679233
114855,CAN,CPI,TOT_FOODENRG,AGRWTH,M,Jan-13,0.8179691
114856,CAN,CPI,TOT_FOODENRG,AGRWTH,M,Feb-13,1.033341
114857,CAN,CPI,TOT_FOODENRG,AGRWTH,M,Mar-13,0.989859
114858,CAN,CPI,TOT_FOODENRG,AGRWTH,M,Apr-13,0.5634686
114859,CAN,CPI,TOT_FOODENRG,AGRWTH,M,May-13,0.6075268
114860,CAN,CPI,TOT_FOODENRG,AGRWTH,M,Jun-13,0.6824905
114861,CAN,CPI,TOT_FOODENRG,AGRWTH,M,Jul-13,0.8572447
114862,CAN,CPI,TOT_FOODENRG,AGRWTH,M,Aug-13,0.9246222
114863,CAN,CPI,TOT_FOODENRG,AGRWTH,M,Sep-13,0.9972114
114864,CAN,CPI,TOT_FOODENRG,AGRWTH,M,Oct-13,0.9907146
114865,CAN,CPI,TOT_FOODENRG,AGRWTH,M,Nov-13,0.6636865
114866,CAN,CPI,TOT_FOODENRG,AGRWTH,M,Dec-13,0.8161452
114867,CAN,CPI,TOT_FOODENRG,AGRWTH,M,Jan-14,1.064412
114868,CAN,CPI,TOT_FOODENRG,AGRWTH,M,Feb-14,1.10218
114869,CAN,CPI,TOT_FOODENRG,AGRWTH,M,Mar-14,1.052402
114870,CAN,CPI,TOT_FOODENRG,AGRWTH,M,Apr-14,1.12621
114871,CAN,CPI,TOT_FOODENRG,AGRWTH,M,May-14,1.306725
114872,CAN,CPI,TOT_FOODENRG,AGRWTH,M,Jun-14,1.538253
114873,CAN,CPI,TOT_FOODENRG,AGRWTH,M,Jul-14,1.53902
114874,CAN,CPI,TOT_FOODENRG,AGRWTH,M,Aug-14,1.910877
114875,CAN,CPI,TOT_FOODENRG,AGRWTH,M,Sep-14,1.776526
114876,CAN,CPI,TOT_FOODENRG,AGRWTH,M,Oct-14,1.973779
114877,CAN,CPI,TOT_FOODENRG,AGRWTH,M,Nov-14,2.117139
114878,CAN,CPI,TOT_FOODENRG,AGRWTH,M,Dec-14,2.235854
114879,CAN,CPI,TOT_FOODENRG,AGRWTH,M,Jan-15,2.420576
114880,CAN,CPI,TOT_FOODENRG,AGRWTH,M,Feb-15,2.664773
114881,CAN,CPI,TOT_FOODENRG,AGRWTH,M,Mar-15,2.977295
114882,CAN,CPI,TOT_FOODENRG,AGRWTH,M,Apr-15,2.96722
114883,CAN,CPI,TOT_FOODENRG,AGRWTH,M,May-15,2.886324
114884,CAN,CPI,TOT_FOODENRG,AGRWTH,M,Jun-15,2.857081
114885,CAN,CPI,TOT_FOODENRG,AGRWTH,M,Jul-15,2.965063
114886,CAN,CPI,TOT_FOODENRG,AGRWTH,M,Aug-15,2.742831
114887,CAN,CPI,TOT_FOODENRG,AGRWTH,M,Sep-15,2.797425
114888,CAN,CPI,TOT_FOODENRG,AGRWTH,M,Oct-15,2.504685
114889,CAN,CPI,TOT_FOODENRG,AGRWTH,M,Nov-15,2.405731
114890,CAN,CPI,TOT_FOODENRG,AGRWTH,M,Dec-15,2.174677
114891,CAN,CPI,TOT_FOODENRG,AGRWTH,M,Jan-16,2.062644
114892,CAN,CPI,TOT_FOODENRG,AGRWTH,M,Feb-16,1.759789
114893,CAN,CPI,TOT_FOODENRG,AGRWTH,M,Mar-16,1.778198
114894,CAN,CPI,TOT_FOODENRG,AGRWTH,M,Apr-16,1.898594
114895,CAN,CPI,TOT_FOODENRG,AGRWTH,M,May-16,2.004375
114896,CAN,CPI,TOT_FOODENRG,AGRWTH,M,Jun-16,2.163858
114897,CAN,CPI,TOT_FOODENRG,AGRWTH,M,Jul-16,2.15643
114898,CAN,CPI,TOT_FOODENRG,AGRWTH,M,Aug-16,1.882407
114899,CAN,CPI,TOT_FOODENRG,AGRWTH,M,Sep-16,1.901023
114900,CAN,CPI,TOT_FOODENRG,AGRWTH,M,Oct-16,1.885119
114901,CAN,CPI,TOT_FOODENRG,AGRWTH,M,Nov-16,1.713548
114902,CAN,CPI,TOT_FOODENRG,AGRWTH,M,Dec-16,1.880514
114903,CAN,CPI,TOT_FOODENRG,AGRWTH,M,Jan-17,2.124522
114904,CAN,CPI,TOT_FOODENRG,AGRWTH,M,Feb-17,2.020886
114905,CAN,CPI,TOT_FOODENRG,AGRWTH,M,Mar-17,1.660034
114906,CAN,CPI,TOT_FOODENRG,AGRWTH,M,Apr-17,1.513552
114907,CAN,CPI,TOT_FOODENRG,AGRWTH,M,May-17,1.477741
114908,CAN,CPI,TOT_FOODENRG,AGRWTH,M,Jun-17,1.403502
114909,CAN,CPI,TOT_FOODENRG,AGRWTH,M,Jul-17,1.404804
114910,CAN,CPI,TOT_FOODENRG,AGRWTH,M,Aug-17,1.454724
114911,CAN,CPI,TOT_FOODENRG,AGRWTH,M,Sep-17,1.343322
114912,CAN,CPI,TOT_FOODENRG,AGRWTH,M,Oct-17,1.550996
114913,CAN,CPI,TOT_FOODENRG,AGRWTH,M,Nov-17,1.769192
114914,CAN,CPI,TOT_FOODENRG,AGRWTH,M,Dec-17,1.686451
114915,CAN,CPI,TOT_FOODENRG,AGRWTH,M,Jan-18,1.648833
114916,CAN,CPI,TOT_FOODENRG,AGRWTH,M,Feb-18,1.994854
114917,CAN,CPI,TOT_FOODENRG,AGRWTH,M,Mar-18,2.113875
114918,CAN,CPI,TOT_FOODENRG,AGRWTH,M,Apr-18,2.074448
114919,CAN,CPI,TOT_FOODENRG,AGRWTH,M,May-18,1.789529
114920,CAN,CPI,TOT_FOODENRG,AGRWTH,M,Jun-18,1.934636
114921,CAN,CPI,TOT_FOODENRG,AGRWTH,M,Jul-18,2.449622
114922,CAN,CPI,TOT_FOODENRG,AGRWTH,M,Aug-18,2.475051
114923,CAN,CPI,TOT_FOODENRG,AGRWTH,M,Sep-18,1.959164
114924,CAN,CPI,TOT_FOODENRG,AGRWTH,M,Oct-18,2.156714
114925,CAN,CPI,TOT_FOODENRG,AGRWTH,M,Nov-18,1.984351
114926,CAN,CPI,TOT_FOODENRG,AGRWTH,M,Dec-18,2.421536
114927,CAN,CPI,TOT_FOODENRG,AGRWTH,M,Jan-19,2.057923
114928,CAN,CPI,TOT_FOODENRG,AGRWTH,M,Feb-19,1.892876
114929,CAN,CPI,TOT_FOODENRG,AGRWTH,M,Mar-19,1.861036
114930,CAN,CPI,TOT_FOODENRG,AGRWTH,M,Apr-19,2.025736
114931,CAN,CPI,TOT_FOODENRG,AGRWTH,M,May-19,2.414479
114932,CAN,CPI,TOT_FOODENRG,AGRWTH,M,Jun-19,2.334719
114933,CAN,CPI,TOT_FOODENRG,AGRWTH,M,Jul-19,2.201872
114934,CAN,CPI,TOT_FOODENRG,AGRWTH,M,Aug-19,2.283913
114935,CAN,CPI,TOT_FOODENRG,AGRWTH,M,Sep-19,2.159835
114936,CAN,CPI,TOT_FOODENRG,AGRWTH,M,Oct-19,1.987804
114937,CAN,CPI,TOT_FOODENRG,AGRWTH,M,Nov-19,1.999911
114938,CAN,CPI,TOT_FOODENRG,AGRWTH,M,Dec-19,1.853933
114939,CAN,CPI,TOT_FOODENRG,AGRWTH,M,Jan-20,1.845261
114940,CAN,CPI,TOT_FOODENRG,AGRWTH,M,Feb-20,1.940598
114941,CAN,CPI,TOT_FOODENRG,AGRWTH,M,Mar-20,1.737234
114942,CAN,CPI,TOT_FOODENRG,AGRWTH,M,Apr-20,1.315215
114943,CAN,CPI,TOT_FOODENRG,AGRWTH,M,May-20,0.7820242
114944,CAN,CPI,TOT_FOODENRG,AGRWTH,M,Jun-20,1.134796
114945,CAN,CPI,TOT_FOODENRG,AGRWTH,M,Jul-20,0.5721295
114946,CAN,CPI,TOT_FOODENRG,AGRWTH,M,Aug-20,0.4801309
114947,CAN,CPI,TOT_FOODENRG,AGRWTH,M,Sep-20,0.9174063
114948,CAN,CPI,TOT_FOODENRG,AGRWTH,M,Oct-20,0.983698
114949,CAN,CPI,TOT_FOODENRG,AGRWTH,M,Nov-20,1.411279
114950,CAN,CPI,TOT_FOODENRG,AGRWTH,M,Dec-20,1.152062
114951,CAN,CPI,TOT_FOODENRG,AGRWTH,M,Jan-21,1.463248
114952,CAN,CPI,TOT_FOODENRG,AGRWTH,M,Feb-21,0.9311987
114953,CAN,CPI,TOT_FOODENRG,AGRWTH,M,Mar-21,1.046833
114954,CAN,CPI,TOT_FOODENRG,AGRWTH,M,Apr-21,1.853558
114955,CAN,CPI,TOT_FOODENRG,AGRWTH,M,May-21,2.303878
114956,CAN,CPI,TOT_FOODENRG,AGRWTH,M,Jun-21,2.192587
114957,CAN,CPI,TOT_FOODENRG,AGRWTH,M,Jul-21,2.907466
114958,CAN,CPI,TOT_FOODENRG,AGRWTH,M,Aug-21,3.059479
114959,CAN,CPI,TOT_FOODENRG,AGRWTH,M,Sep-21,3.232117
114960,CAN,CPI,TOT_FOODENRG,AGRWTH,M,Oct-21,3.20962
114961,CAN,CPI,TOT_FOODENRG,AGRWTH,M,Nov-21,3.116135
114962,CAN,CPI,TOT_FOODENRG,AGRWTH,M,Dec-21,3.432944
114963,CAN,CPI,TOT_FOODENRG,AGRWTH,M,Jan-22,3.608502
114964,CAN,CPI,TOT_FOODENRG,AGRWTH,M,Feb-22,4.098892
114965,CAN,CPI,TOT_FOODENRG,AGRWTH,M,Mar-22,4.87214
114966,CAN,CPI,TOT_FOODENRG,AGRWTH,M,Apr-22,4.965296
114967,CAN,CPI,TOT_FOODENRG,AGRWTH,M,May-22,5.186414
114968,CAN,CPI,TOT_FOODENRG,AGRWTH,M,Jun-22,5.248887
114969,CAN,CPI,TOT_FOODENRG,AGRWTH,M,Jul-22,5.426304
114970,CAN,CPI,TOT_FOODENRG,AGRWTH,M,Aug-22,5.404032
114971,CAN,CPI,TOT_FOODENRG,AGRWTH,M,Sep-22,5.593947
114972,CAN,CPI,TOT_FOODENRG,AGRWTH,M,Oct-22,5.421796
114973,CAN,CPI,TOT_FOODENRG,AGRWTH,M,Nov-22,5.484175
114974,CAN,CPI,TOT_FOODENRG,AGRWTH,M,Dec-22,5.58275
197089,CAN,CPI,TOT_FOODENRG,IDX2015,M,Jan-61,13.20813
197090,CAN,CPI,TOT_FOODENRG,IDX2015,M,Feb-61,13.20813
197091,CAN,CPI,TOT_FOODENRG,IDX2015,M,Mar-61,13.20813
197092,CAN,CPI,TOT_FOODENRG,IDX2015,M,Apr-61,13.20813
197093,CAN,CPI,TOT_FOODENRG,IDX2015,M,May-61,13.24116
197094,CAN,CPI,TOT_FOODENRG,IDX2015,M,Jun-61,13.23691
197095,CAN,CPI,TOT_FOODENRG,IDX2015,M,Jul-61,13.20388
197096,CAN,CPI,TOT_FOODENRG,IDX2015,M,Aug-61,13.1957
197097,CAN,CPI,TOT_FOODENRG,IDX2015,M,Sep-61,13.23298
197098,CAN,CPI,TOT_FOODENRG,IDX2015,M,Oct-61,13.22056
197099,CAN,CPI,TOT_FOODENRG,IDX2015,M,Nov-61,13.22056
197100,CAN,CPI,TOT_FOODENRG,IDX2015,M,Dec-61,13.22448
197101,CAN,CPI,TOT_FOODENRG,IDX2015,M,Jan-62,13.1957
197102,CAN,CPI,TOT_FOODENRG,IDX2015,M,Feb-62,13.1957
197103,CAN,CPI,TOT_FOODENRG,IDX2015,M,Mar-62,13.20813
197104,CAN,CPI,TOT_FOODENRG,IDX2015,M,Apr-62,13.29376
197105,CAN,CPI,TOT_FOODENRG,IDX2015,M,May-62,13.31861
197106,CAN,CPI,TOT_FOODENRG,IDX2015,M,Jun-62,13.39606
197107,CAN,CPI,TOT_FOODENRG,IDX2015,M,Jul-62,13.37121
197108,CAN,CPI,TOT_FOODENRG,IDX2015,M,Aug-62,13.46109
197109,CAN,CPI,TOT_FOODENRG,IDX2015,M,Sep-62,13.38364
197110,CAN,CPI,TOT_FOODENRG,IDX2015,M,Oct-62,13.48169
197111,CAN,CPI,TOT_FOODENRG,IDX2015,M,Nov-62,13.48169
197112,CAN,CPI,TOT_FOODENRG,IDX2015,M,Dec-62,13.48169
197113,CAN,CPI,TOT_FOODENRG,IDX2015,M,Jan-63,13.46501
197114,CAN,CPI,TOT_FOODENRG,IDX2015,M,Feb-63,13.44441
197115,CAN,CPI,TOT_FOODENRG,IDX2015,M,Mar-63,13.46501
197116,CAN,CPI,TOT_FOODENRG,IDX2015,M,Apr-63,13.45684
197117,CAN,CPI,TOT_FOODENRG,IDX2015,M,May-63,13.46926
197118,CAN,CPI,TOT_FOODENRG,IDX2015,M,Jun-63,13.44441
197119,CAN,CPI,TOT_FOODENRG,IDX2015,M,Jul-63,13.63627
197120,CAN,CPI,TOT_FOODENRG,IDX2015,M,Aug-63,13.7098
197121,CAN,CPI,TOT_FOODENRG,IDX2015,M,Sep-63,13.63235
197122,CAN,CPI,TOT_FOODENRG,IDX2015,M,Oct-63,13.6572
197123,CAN,CPI,TOT_FOODENRG,IDX2015,M,Nov-63,13.74708
197124,CAN,CPI,TOT_FOODENRG,IDX2015,M,Dec-63,13.74708
197125,CAN,CPI,TOT_FOODENRG,IDX2015,M,Jan-64,13.74708
197126,CAN,CPI,TOT_FOODENRG,IDX2015,M,Feb-64,13.74708
197127,CAN,CPI,TOT_FOODENRG,IDX2015,M,Mar-64,13.7389
197128,CAN,CPI,TOT_FOODENRG,IDX2015,M,Apr-64,13.84121
197129,CAN,CPI,TOT_FOODENRG,IDX2015,M,May-64,13.84121
197130,CAN,CPI,TOT_FOODENRG,IDX2015,M,Jun-64,13.81636
197131,CAN,CPI,TOT_FOODENRG,IDX2015,M,Jul-64,13.86896
197132,CAN,CPI,TOT_FOODENRG,IDX2015,M,Aug-64,13.88138
197133,CAN,CPI,TOT_FOODENRG,IDX2015,M,Sep-64,13.91866
197134,CAN,CPI,TOT_FOODENRG,IDX2015,M,Oct-64,13.96412
197135,CAN,CPI,TOT_FOODENRG,IDX2015,M,Nov-64,13.95169
197136,CAN,CPI,TOT_FOODENRG,IDX2015,M,Dec-64,14.02914
197137,CAN,CPI,TOT_FOODENRG,IDX2015,M,Jan-65,14.03339
197138,CAN,CPI,TOT_FOODENRG,IDX2015,M,Feb-65,14.02097
197139,CAN,CPI,TOT_FOODENRG,IDX2015,M,Mar-65,14.02914
197140,CAN,CPI,TOT_FOODENRG,IDX2015,M,Apr-65,14.13145
197141,CAN,CPI,TOT_FOODENRG,IDX2015,M,May-65,14.09842
197142,CAN,CPI,TOT_FOODENRG,IDX2015,M,Jun-65,14.25333
197143,CAN,CPI,TOT_FOODENRG,IDX2015,M,Jul-65,14.22422
197144,CAN,CPI,TOT_FOODENRG,IDX2015,M,Aug-65,14.2615
197145,CAN,CPI,TOT_FOODENRG,IDX2015,M,Sep-65,14.27818
197146,CAN,CPI,TOT_FOODENRG,IDX2015,M,Oct-65,14.2906
197147,CAN,CPI,TOT_FOODENRG,IDX2015,M,Nov-65,14.35563
197148,CAN,CPI,TOT_FOODENRG,IDX2015,M,Dec-65,14.42066
197149,CAN,CPI,TOT_FOODENRG,IDX2015,M,Jan-66,14.42066
197150,CAN,CPI,TOT_FOODENRG,IDX2015,M,Feb-66,14.49811
197151,CAN,CPI,TOT_FOODENRG,IDX2015,M,Mar-66,14.56314
197152,CAN,CPI,TOT_FOODENRG,IDX2015,M,Apr-66,14.65727
197153,CAN,CPI,TOT_FOODENRG,IDX2015,M,May-66,14.65727
197154,CAN,CPI,TOT_FOODENRG,IDX2015,M,Jun-66,14.74715
197155,CAN,CPI,TOT_FOODENRG,IDX2015,M,Jul-66,14.74715
197156,CAN,CPI,TOT_FOODENRG,IDX2015,M,Aug-66,14.78732
197157,CAN,CPI,TOT_FOODENRG,IDX2015,M,Sep-66,14.8246
197158,CAN,CPI,TOT_FOODENRG,IDX2015,M,Oct-66,14.84128
197159,CAN,CPI,TOT_FOODENRG,IDX2015,M,Nov-66,14.8537
197160,CAN,CPI,TOT_FOODENRG,IDX2015,M,Dec-66,14.95601
197161,CAN,CPI,TOT_FOODENRG,IDX2015,M,Jan-67,14.95601
197162,CAN,CPI,TOT_FOODENRG,IDX2015,M,Feb-67,14.98086
197163,CAN,CPI,TOT_FOODENRG,IDX2015,M,Mar-67,15.08742
197164,CAN,CPI,TOT_FOODENRG,IDX2015,M,Apr-67,15.1652
197165,CAN,CPI,TOT_FOODENRG,IDX2015,M,May-67,15.25933
197166,CAN,CPI,TOT_FOODENRG,IDX2015,M,Jun-67,15.33678
197167,CAN,CPI,TOT_FOODENRG,IDX2015,M,Jul-67,15.37695
197168,CAN,CPI,TOT_FOODENRG,IDX2015,M,Aug-67,15.45016
197169,CAN,CPI,TOT_FOODENRG,IDX2015,M,Sep-67,15.49986
197170,CAN,CPI,TOT_FOODENRG,IDX2015,M,Oct-67,15.52471
197171,CAN,CPI,TOT_FOODENRG,IDX2015,M,Nov-67,15.51229
197172,CAN,CPI,TOT_FOODENRG,IDX2015,M,Dec-67,15.60217
197173,CAN,CPI,TOT_FOODENRG,IDX2015,M,Jan-68,15.65902
197174,CAN,CPI,TOT_FOODENRG,IDX2015,M,Feb-68,15.67144
197175,CAN,CPI,TOT_FOODENRG,IDX2015,M,Mar-68,15.79043
197176,CAN,CPI,TOT_FOODENRG,IDX2015,M,Apr-68,15.7574
197177,CAN,CPI,TOT_FOODENRG,IDX2015,M,May-68,15.77407
197178,CAN,CPI,TOT_FOODENRG,IDX2015,M,Jun-68,15.86395
197179,CAN,CPI,TOT_FOODENRG,IDX2015,M,Jul-68,16.03129
197180,CAN,CPI,TOT_FOODENRG,IDX2015,M,Aug-68,16.08814
197181,CAN,CPI,TOT_FOODENRG,IDX2015,M,Sep-68,16.10056
197182,CAN,CPI,TOT_FOODENRG,IDX2015,M,Oct-68,16.12542
197183,CAN,CPI,TOT_FOODENRG,IDX2015,M,Nov-68,16.30518
197184,CAN,CPI,TOT_FOODENRG,IDX2015,M,Dec-68,16.28032
197185,CAN,CPI,TOT_FOODENRG,IDX2015,M,Jan-69,16.27215
197186,CAN,CPI,TOT_FOODENRG,IDX2015,M,Feb-69,16.297
197187,CAN,CPI,TOT_FOODENRG,IDX2015,M,Mar-69,16.39931
197188,CAN,CPI,TOT_FOODENRG,IDX2015,M,Apr-69,16.68137
197189,CAN,CPI,TOT_FOODENRG,IDX2015,M,May-69,16.68137
197190,CAN,CPI,TOT_FOODENRG,IDX2015,M,Jun-69,16.72154
197191,CAN,CPI,TOT_FOODENRG,IDX2015,M,Jul-69,16.82385
197192,CAN,CPI,TOT_FOODENRG,IDX2015,M,Aug-69,16.86827
197193,CAN,CPI,TOT_FOODENRG,IDX2015,M,Sep-69,16.9098
197194,CAN,CPI,TOT_FOODENRG,IDX2015,M,Oct-69,16.93466
197195,CAN,CPI,TOT_FOODENRG,IDX2015,M,Nov-69,16.9098
197196,CAN,CPI,TOT_FOODENRG,IDX2015,M,Dec-69,17.10199
197197,CAN,CPI,TOT_FOODENRG,IDX2015,M,Jan-70,17.20429
197198,CAN,CPI,TOT_FOODENRG,IDX2015,M,Feb-70,17.16702
197199,CAN,CPI,TOT_FOODENRG,IDX2015,M,Mar-70,17.16734
197200,CAN,CPI,TOT_FOODENRG,IDX2015,M,Apr-70,17.23237
197201,CAN,CPI,TOT_FOODENRG,IDX2015,M,May-70,17.28207
197202,CAN,CPI,TOT_FOODENRG,IDX2015,M,Jun-70,17.25722
197203,CAN,CPI,TOT_FOODENRG,IDX2015,M,Jul-70,17.4494
197204,CAN,CPI,TOT_FOODENRG,IDX2015,M,Aug-70,17.43698
197205,CAN,CPI,TOT_FOODENRG,IDX2015,M,Sep-70,17.3968
197206,CAN,CPI,TOT_FOODENRG,IDX2015,M,Oct-70,17.42166
197207,CAN,CPI,TOT_FOODENRG,IDX2015,M,Nov-70,17.45076
197208,CAN,CPI,TOT_FOODENRG,IDX2015,M,Dec-70,17.37331
197209,CAN,CPI,TOT_FOODENRG,IDX2015,M,Jan-71,17.45501
197210,CAN,CPI,TOT_FOODENRG,IDX2015,M,Feb-71,17.53671
197211,CAN,CPI,TOT_FOODENRG,IDX2015,M,Mar-71,17.52429
197212,CAN,CPI,TOT_FOODENRG,IDX2015,M,Apr-71,17.65892
197213,CAN,CPI,TOT_FOODENRG,IDX2015,M,May-71,17.64649
197214,CAN,CPI,TOT_FOODENRG,IDX2015,M,Jun-71,17.7488
197215,CAN,CPI,TOT_FOODENRG,IDX2015,M,Jul-71,17.89128
197216,CAN,CPI,TOT_FOODENRG,IDX2015,M,Aug-71,18.03376
197217,CAN,CPI,TOT_FOODENRG,IDX2015,M,Sep-71,17.98116
197218,CAN,CPI,TOT_FOODENRG,IDX2015,M,Oct-71,18.09589
197219,CAN,CPI,TOT_FOODENRG,IDX2015,M,Nov-71,18.08771
197220,CAN,CPI,TOT_FOODENRG,IDX2015,M,Dec-71,18.15274
197221,CAN,CPI,TOT_FOODENRG,IDX2015,M,Jan-72,18.22202
197222,CAN,CPI,TOT_FOODENRG,IDX2015,M,Feb-72,18.29947
197223,CAN,CPI,TOT_FOODENRG,IDX2015,M,Mar-72,18.41845
197224,CAN,CPI,TOT_FOODENRG,IDX2015,M,Apr-72,18.4959
197225,CAN,CPI,TOT_FOODENRG,IDX2015,M,May-72,18.52076
197226,CAN,CPI,TOT_FOODENRG,IDX2015,M,Jun-72,18.52076
197227,CAN,CPI,TOT_FOODENRG,IDX2015,M,Jul-72,18.71584
197228,CAN,CPI,TOT_FOODENRG,IDX2015,M,Aug-72,18.84589
197229,CAN,CPI,TOT_FOODENRG,IDX2015,M,Sep-72,18.9482
197230,CAN,CPI,TOT_FOODENRG,IDX2015,M,Oct-72,18.97305
197231,CAN,CPI,TOT_FOODENRG,IDX2015,M,Nov-72,18.97305
197232,CAN,CPI,TOT_FOODENRG,IDX2015,M,Dec-72,19.0505
197233,CAN,CPI,TOT_FOODENRG,IDX2015,M,Jan-73,19.16028
197234,CAN,CPI,TOT_FOODENRG,IDX2015,M,Feb-73,19.29883
197235,CAN,CPI,TOT_FOODENRG,IDX2015,M,Mar-73,19.29883
197236,CAN,CPI,TOT_FOODENRG,IDX2015,M,Apr-73,19.53119
197237,CAN,CPI,TOT_FOODENRG,IDX2015,M,May-73,19.59229
197238,CAN,CPI,TOT_FOODENRG,IDX2015,M,Jun-73,19.71842
197239,CAN,CPI,TOT_FOODENRG,IDX2015,M,Jul-73,19.94686
197240,CAN,CPI,TOT_FOODENRG,IDX2015,M,Aug-73,20.12166
197241,CAN,CPI,TOT_FOODENRG,IDX2015,M,Sep-73,20.20337
197242,CAN,CPI,TOT_FOODENRG,IDX2015,M,Oct-73,20.30175
197243,CAN,CPI,TOT_FOODENRG,IDX2015,M,Nov-73,20.46515
197244,CAN,CPI,TOT_FOODENRG,IDX2015,M,Dec-73,20.52658
197245,CAN,CPI,TOT_FOODENRG,IDX2015,M,Jan-74,20.68149
197246,CAN,CPI,TOT_FOODENRG,IDX2015,M,Feb-74,20.81154
197247,CAN,CPI,TOT_FOODENRG,IDX2015,M,Mar-74,21.06875
197248,CAN,CPI,TOT_FOODENRG,IDX2015,M,Apr-74,21.27336
197249,CAN,CPI,TOT_FOODENRG,IDX2015,M,May-74,21.60373
197250,CAN,CPI,TOT_FOODENRG,IDX2015,M,Jun-74,21.73018
197251,CAN,CPI,TOT_FOODENRG,IDX2015,M,Jul-74,21.89751
197252,CAN,CPI,TOT_FOODENRG,IDX2015,M,Aug-74,22.15472
197253,CAN,CPI,TOT_FOODENRG,IDX2015,M,Sep-74,22.35933
197254,CAN,CPI,TOT_FOODENRG,IDX2015,M,Oct-74,22.61654
197255,CAN,CPI,TOT_FOODENRG,IDX2015,M,Nov-74,22.78388
197256,CAN,CPI,TOT_FOODENRG,IDX2015,M,Dec-74,23.02049
197257,CAN,CPI,TOT_FOODENRG,IDX2015,M,Jan-75,22.99596
197258,CAN,CPI,TOT_FOODENRG,IDX2015,M,Feb-75,23.2656
197259,CAN,CPI,TOT_FOODENRG,IDX2015,M,Mar-75,23.34763
197260,CAN,CPI,TOT_FOODENRG,IDX2015,M,Apr-75,23.53164
197261,CAN,CPI,TOT_FOODENRG,IDX2015,M,May-75,23.7931
197262,CAN,CPI,TOT_FOODENRG,IDX2015,M,Jun-75,23.9509
197263,CAN,CPI,TOT_FOODENRG,IDX2015,M,Jul-75,24.15443
197264,CAN,CPI,TOT_FOODENRG,IDX2015,M,Aug-75,24.39954
197265,CAN,CPI,TOT_FOODENRG,IDX2015,M,Sep-75,24.50642
197266,CAN,CPI,TOT_FOODENRG,IDX2015,M,Oct-75,24.69861
197267,CAN,CPI,TOT_FOODENRG,IDX2015,M,Nov-75,24.94797
197268,CAN,CPI,TOT_FOODENRG,IDX2015,M,Dec-75,25.06303
197269,CAN,CPI,TOT_FOODENRG,IDX2015,M,Jan-76,25.14506
197270,CAN,CPI,TOT_FOODENRG,IDX2015,M,Feb-76,25.35817
197271,CAN,CPI,TOT_FOODENRG,IDX2015,M,Mar-76,25.48958
197272,CAN,CPI,TOT_FOODENRG,IDX2015,M,Apr-76,25.61674
197273,CAN,CPI,TOT_FOODENRG,IDX2015,M,May-76,25.75104
197274,CAN,CPI,TOT_FOODENRG,IDX2015,M,Jun-76,25.92687
197275,CAN,CPI,TOT_FOODENRG,IDX2015,M,Jul-76,26.11906
197276,CAN,CPI,TOT_FOODENRG,IDX2015,M,Aug-76,26.15634
197277,CAN,CPI,TOT_FOODENRG,IDX2015,M,Sep-76,26.30404
197278,CAN,CPI,TOT_FOODENRG,IDX2015,M,Oct-76,26.48413
197279,CAN,CPI,TOT_FOODENRG,IDX2015,M,Nov-76,26.63189
197280,CAN,CPI,TOT_FOODENRG,IDX2015,M,Dec-76,26.72177
197281,CAN,CPI,TOT_FOODENRG,IDX2015,M,Jan-77,26.92567
197282,CAN,CPI,TOT_FOODENRG,IDX2015,M,Feb-77,27.0433
197283,CAN,CPI,TOT_FOODENRG,IDX2015,M,Mar-77,27.33349
197284,CAN,CPI,TOT_FOODENRG,IDX2015,M,Apr-77,27.45962
197285,CAN,CPI,TOT_FOODENRG,IDX2015,M,May-77,27.79853
197286,CAN,CPI,TOT_FOODENRG,IDX2015,M,Jun-77,27.83871
197287,CAN,CPI,TOT_FOODENRG,IDX2015,M,Jul-77,28.16095
197288,CAN,CPI,TOT_FOODENRG,IDX2015,M,Aug-77,28.12367
197289,CAN,CPI,TOT_FOODENRG,IDX2015,M,Sep-77,28.36093
197290,CAN,CPI,TOT_FOODENRG,IDX2015,M,Oct-77,28.57694
197291,CAN,CPI,TOT_FOODENRG,IDX2015,M,Nov-77,28.73609
197292,CAN,CPI,TOT_FOODENRG,IDX2015,M,Dec-77,28.8619
197293,CAN,CPI,TOT_FOODENRG,IDX2015,M,Jan-78,29.02105
197294,CAN,CPI,TOT_FOODENRG,IDX2015,M,Feb-78,29.26616
197295,CAN,CPI,TOT_FOODENRG,IDX2015,M,Mar-78,29.41677
197296,CAN,CPI,TOT_FOODENRG,IDX2015,M,Apr-78,29.42784
197297,CAN,CPI,TOT_FOODENRG,IDX2015,M,May-78,29.75297
197298,CAN,CPI,TOT_FOODENRG,IDX2015,M,Jun-78,29.95623
197299,CAN,CPI,TOT_FOODENRG,IDX2015,M,Jul-78,30.22348
197300,CAN,CPI,TOT_FOODENRG,IDX2015,M,Aug-78,30.39249
197301,CAN,CPI,TOT_FOODENRG,IDX2015,M,Sep-78,30.3945
197302,CAN,CPI,TOT_FOODENRG,IDX2015,M,Oct-78,30.8439
197303,CAN,CPI,TOT_FOODENRG,IDX2015,M,Nov-78,31.03608
197304,CAN,CPI,TOT_FOODENRG,IDX2015,M,Dec-78,31.08476
197305,CAN,CPI,TOT_FOODENRG,IDX2015,M,Jan-79,31.11605
197306,CAN,CPI,TOT_FOODENRG,IDX2015,M,Feb-79,31.48272
197307,CAN,CPI,TOT_FOODENRG,IDX2015,M,Mar-79,31.7304
197308,CAN,CPI,TOT_FOODENRG,IDX2015,M,Apr-79,31.95883
197309,CAN,CPI,TOT_FOODENRG,IDX2015,M,May-79,32.34745
197310,CAN,CPI,TOT_FOODENRG,IDX2015,M,Jun-79,32.55206
197311,CAN,CPI,TOT_FOODENRG,IDX2015,M,Jul-79,32.71019
197312,CAN,CPI,TOT_FOODENRG,IDX2015,M,Aug-79,32.86645
197313,CAN,CPI,TOT_FOODENRG,IDX2015,M,Sep-79,33.16939
197314,CAN,CPI,TOT_FOODENRG,IDX2015,M,Oct-79,33.40207
197315,CAN,CPI,TOT_FOODENRG,IDX2015,M,Nov-79,33.78677
197316,CAN,CPI,TOT_FOODENRG,IDX2015,M,Dec-79,33.8717
197317,CAN,CPI,TOT_FOODENRG,IDX2015,M,Jan-80,34.01482
197318,CAN,CPI,TOT_FOODENRG,IDX2015,M,Feb-80,34.41877
197319,CAN,CPI,TOT_FOODENRG,IDX2015,M,Mar-80,34.58997
197320,CAN,CPI,TOT_FOODENRG,IDX2015,M,Apr-80,34.87236
197321,CAN,CPI,TOT_FOODENRG,IDX2015,M,May-80,35.30116
197322,CAN,CPI,TOT_FOODENRG,IDX2015,M,Jun-80,35.62237
197323,CAN,CPI,TOT_FOODENRG,IDX2015,M,Jul-80,35.84687
197324,CAN,CPI,TOT_FOODENRG,IDX2015,M,Aug-80,36.21386
197325,CAN,CPI,TOT_FOODENRG,IDX2015,M,Sep-80,36.40894
197326,CAN,CPI,TOT_FOODENRG,IDX2015,M,Oct-80,36.59285
197327,CAN,CPI,TOT_FOODENRG,IDX2015,M,Nov-80,37.05037
197328,CAN,CPI,TOT_FOODENRG,IDX2015,M,Dec-80,37.15982
197329,CAN,CPI,TOT_FOODENRG,IDX2015,M,Jan-81,37.63429
197330,CAN,CPI,TOT_FOODENRG,IDX2015,M,Feb-81,38.0052
197331,CAN,CPI,TOT_FOODENRG,IDX2015,M,Mar-81,38.40582
197332,CAN,CPI,TOT_FOODENRG,IDX2015,M,Apr-81,38.65061
197333,CAN,CPI,TOT_FOODENRG,IDX2015,M,May-81,39.02778
197334,CAN,CPI,TOT_FOODENRG,IDX2015,M,Jun-81,39.51724
197335,CAN,CPI,TOT_FOODENRG,IDX2015,M,Jul-81,39.78618
197336,CAN,CPI,TOT_FOODENRG,IDX2015,M,Aug-81,40.17905
197337,CAN,CPI,TOT_FOODENRG,IDX2015,M,Sep-81,40.49049
197338,CAN,CPI,TOT_FOODENRG,IDX2015,M,Oct-81,40.97356
197339,CAN,CPI,TOT_FOODENRG,IDX2015,M,Nov-81,41.42007
197340,CAN,CPI,TOT_FOODENRG,IDX2015,M,Dec-81,41.5972
197341,CAN,CPI,TOT_FOODENRG,IDX2015,M,Jan-82,41.88281
197342,CAN,CPI,TOT_FOODENRG,IDX2015,M,Feb-82,42.33936
197343,CAN,CPI,TOT_FOODENRG,IDX2015,M,Mar-82,42.76445
197344,CAN,CPI,TOT_FOODENRG,IDX2015,M,Apr-82,42.99288
197345,CAN,CPI,TOT_FOODENRG,IDX2015,M,May-82,43.4654
197346,CAN,CPI,TOT_FOODENRG,IDX2015,M,Jun-82,43.89709
197347,CAN,CPI,TOT_FOODENRG,IDX2015,M,Jul-82,44.16673
197348,CAN,CPI,TOT_FOODENRG,IDX2015,M,Aug-82,44.44229
197349,CAN,CPI,TOT_FOODENRG,IDX2015,M,Sep-82,44.6318
197350,CAN,CPI,TOT_FOODENRG,IDX2015,M,Oct-82,45.14796
197351,CAN,CPI,TOT_FOODENRG,IDX2015,M,Nov-82,45.3849
197352,CAN,CPI,TOT_FOODENRG,IDX2015,M,Dec-82,45.44703
197353,CAN,CPI,TOT_FOODENRG,IDX2015,M,Jan-83,45.4183
197354,CAN,CPI,TOT_FOODENRG,IDX2015,M,Feb-83,45.75302
197355,CAN,CPI,TOT_FOODENRG,IDX2015,M,Mar-83,46.00745
197356,CAN,CPI,TOT_FOODENRG,IDX2015,M,Apr-83,46.14938
197357,CAN,CPI,TOT_FOODENRG,IDX2015,M,May-83,46.24123
197358,CAN,CPI,TOT_FOODENRG,IDX2015,M,Jun-83,46.42569
197359,CAN,CPI,TOT_FOODENRG,IDX2015,M,Jul-83,46.64627
197360,CAN,CPI,TOT_FOODENRG,IDX2015,M,Aug-83,46.92048
197361,CAN,CPI,TOT_FOODENRG,IDX2015,M,Sep-83,47.0611
197362,CAN,CPI,TOT_FOODENRG,IDX2015,M,Oct-83,47.41996
197363,CAN,CPI,TOT_FOODENRG,IDX2015,M,Nov-83,47.52297
197364,CAN,CPI,TOT_FOODENRG,IDX2015,M,Dec-83,47.52684
197365,CAN,CPI,TOT_FOODENRG,IDX2015,M,Jan-84,47.62704
197366,CAN,CPI,TOT_FOODENRG,IDX2015,M,Feb-84,47.78516
197367,CAN,CPI,TOT_FOODENRG,IDX2015,M,Mar-84,47.91495
197368,CAN,CPI,TOT_FOODENRG,IDX2015,M,Apr-84,48.09078
197369,CAN,CPI,TOT_FOODENRG,IDX2015,M,May-84,48.14833
197370,CAN,CPI,TOT_FOODENRG,IDX2015,M,Jun-84,48.38424
197371,CAN,CPI,TOT_FOODENRG,IDX2015,M,Jul-84,48.41194
197372,CAN,CPI,TOT_FOODENRG,IDX2015,M,Aug-84,48.56432
197373,CAN,CPI,TOT_FOODENRG,IDX2015,M,Sep-84,48.74151
197374,CAN,CPI,TOT_FOODENRG,IDX2015,M,Oct-84,48.94613
197375,CAN,CPI,TOT_FOODENRG,IDX2015,M,Nov-84,49.10588
197376,CAN,CPI,TOT_FOODENRG,IDX2015,M,Dec-84,49.06108
197377,CAN,CPI,TOT_FOODENRG,IDX2015,M,Jan-85,49.16623
197378,CAN,CPI,TOT_FOODENRG,IDX2015,M,Feb-85,49.47996
197379,CAN,CPI,TOT_FOODENRG,IDX2015,M,Mar-85,49.60712
197380,CAN,CPI,TOT_FOODENRG,IDX2015,M,Apr-85,49.78978
197381,CAN,CPI,TOT_FOODENRG,IDX2015,M,May-85,50.08137
197382,CAN,CPI,TOT_FOODENRG,IDX2015,M,Jun-85,50.35493
197383,CAN,CPI,TOT_FOODENRG,IDX2015,M,Jul-85,50.66512
197384,CAN,CPI,TOT_FOODENRG,IDX2015,M,Aug-85,50.73576
197385,CAN,CPI,TOT_FOODENRG,IDX2015,M,Sep-85,50.85212
197386,CAN,CPI,TOT_FOODENRG,IDX2015,M,Oct-85,51.0613
197387,CAN,CPI,TOT_FOODENRG,IDX2015,M,Nov-85,51.18351
197388,CAN,CPI,TOT_FOODENRG,IDX2015,M,Dec-85,51.31678
197389,CAN,CPI,TOT_FOODENRG,IDX2015,M,Jan-86,51.4131
197390,CAN,CPI,TOT_FOODENRG,IDX2015,M,Feb-86,51.78215
197391,CAN,CPI,TOT_FOODENRG,IDX2015,M,Mar-86,52.1748
197392,CAN,CPI,TOT_FOODENRG,IDX2015,M,Apr-86,52.44329
197393,CAN,CPI,TOT_FOODENRG,IDX2015,M,May-86,52.88391
197394,CAN,CPI,TOT_FOODENRG,IDX2015,M,Jun-86,52.99014
197395,CAN,CPI,TOT_FOODENRG,IDX2015,M,Jul-86,53.40619
197396,CAN,CPI,TOT_FOODENRG,IDX2015,M,Aug-86,53.47514
197397,CAN,CPI,TOT_FOODENRG,IDX2015,M,Sep-86,53.47841
197398,CAN,CPI,TOT_FOODENRG,IDX2015,M,Oct-86,53.90366
197399,CAN,CPI,TOT_FOODENRG,IDX2015,M,Nov-86,54.09939
197400,CAN,CPI,TOT_FOODENRG,IDX2015,M,Dec-86,54.2102
197401,CAN,CPI,TOT_FOODENRG,IDX2015,M,Jan-87,54.23757
197402,CAN,CPI,TOT_FOODENRG,IDX2015,M,Feb-87,54.4382
197403,CAN,CPI,TOT_FOODENRG,IDX2015,M,Mar-87,54.56956
197404,CAN,CPI,TOT_FOODENRG,IDX2015,M,Apr-87,54.94608
197405,CAN,CPI,TOT_FOODENRG,IDX2015,M,May-87,55.24771
197406,CAN,CPI,TOT_FOODENRG,IDX2015,M,Jun-87,55.23355
197407,CAN,CPI,TOT_FOODENRG,IDX2015,M,Jul-87,55.60582
197408,CAN,CPI,TOT_FOODENRG,IDX2015,M,Aug-87,55.83272
197409,CAN,CPI,TOT_FOODENRG,IDX2015,M,Sep-87,55.8664
197410,CAN,CPI,TOT_FOODENRG,IDX2015,M,Oct-87,56.07493
197411,CAN,CPI,TOT_FOODENRG,IDX2015,M,Nov-87,56.32822
197412,CAN,CPI,TOT_FOODENRG,IDX2015,M,Dec-87,56.4678
197413,CAN,CPI,TOT_FOODENRG,IDX2015,M,Jan-88,56.44585
197414,CAN,CPI,TOT_FOODENRG,IDX2015,M,Feb-88,56.86362
197415,CAN,CPI,TOT_FOODENRG,IDX2015,M,Mar-88,57.36343
197416,CAN,CPI,TOT_FOODENRG,IDX2015,M,Apr-88,57.44868
197417,CAN,CPI,TOT_FOODENRG,IDX2015,M,May-88,57.74672
197418,CAN,CPI,TOT_FOODENRG,IDX2015,M,Jun-88,57.86827
197419,CAN,CPI,TOT_FOODENRG,IDX2015,M,Jul-88,58.18233
197420,CAN,CPI,TOT_FOODENRG,IDX2015,M,Aug-88,58.34971
197421,CAN,CPI,TOT_FOODENRG,IDX2015,M,Sep-88,58.48112
197422,CAN,CPI,TOT_FOODENRG,IDX2015,M,Oct-88,58.93547
197423,CAN,CPI,TOT_FOODENRG,IDX2015,M,Nov-88,59.16139
197424,CAN,CPI,TOT_FOODENRG,IDX2015,M,Dec-88,59.23987
197425,CAN,CPI,TOT_FOODENRG,IDX2015,M,Jan-89,59.4591
197426,CAN,CPI,TOT_FOODENRG,IDX2015,M,Feb-89,59.85094
197427,CAN,CPI,TOT_FOODENRG,IDX2015,M,Mar-89,60.23989
197428,CAN,CPI,TOT_FOODENRG,IDX2015,M,Apr-89,60.34574
197429,CAN,CPI,TOT_FOODENRG,IDX2015,M,May-89,60.88524
197430,CAN,CPI,TOT_FOODENRG,IDX2015,M,Jun-89,61.0849
197431,CAN,CPI,TOT_FOODENRG,IDX2015,M,Jul-89,61.49309
197432,CAN,CPI,TOT_FOODENRG,IDX2015,M,Aug-89,61.68238
197433,CAN,CPI,TOT_FOODENRG,IDX2015,M,Sep-89,61.86741
197434,CAN,CPI,TOT_FOODENRG,IDX2015,M,Oct-89,62.16583
197435,CAN,CPI,TOT_FOODENRG,IDX2015,M,Nov-89,62.35834
197436,CAN,CPI,TOT_FOODENRG,IDX2015,M,Dec-89,62.46985
197437,CAN,CPI,TOT_FOODENRG,IDX2015,M,Jan-90,62.62979
197438,CAN,CPI,TOT_FOODENRG,IDX2015,M,Feb-90,62.96408
197439,CAN,CPI,TOT_FOODENRG,IDX2015,M,Mar-90,63.19709
197440,CAN,CPI,TOT_FOODENRG,IDX2015,M,Apr-90,63.2723
197441,CAN,CPI,TOT_FOODENRG,IDX2015,M,May-90,63.60369
197442,CAN,CPI,TOT_FOODENRG,IDX2015,M,Jun-90,63.67908
197443,CAN,CPI,TOT_FOODENRG,IDX2015,M,Jul-90,63.94022
197444,CAN,CPI,TOT_FOODENRG,IDX2015,M,Aug-90,64.17529
197445,CAN,CPI,TOT_FOODENRG,IDX2015,M,Sep-90,64.35178
197446,CAN,CPI,TOT_FOODENRG,IDX2015,M,Oct-90,64.74841
197447,CAN,CPI,TOT_FOODENRG,IDX2015,M,Nov-90,65.03495
197448,CAN,CPI,TOT_FOODENRG,IDX2015,M,Dec-90,65.0278
197449,CAN,CPI,TOT_FOODENRG,IDX2015,M,Jan-91,66.60002
197450,CAN,CPI,TOT_FOODENRG,IDX2015,M,Feb-91,66.9967
197451,CAN,CPI,TOT_FOODENRG,IDX2015,M,Mar-91,67.48315
197452,CAN,CPI,TOT_FOODENRG,IDX2015,M,Apr-91,67.52731
197453,CAN,CPI,TOT_FOODENRG,IDX2015,M,May-91,67.75666
197454,CAN,CPI,TOT_FOODENRG,IDX2015,M,Jun-91,67.86373
197455,CAN,CPI,TOT_FOODENRG,IDX2015,M,Jul-91,67.98369
197456,CAN,CPI,TOT_FOODENRG,IDX2015,M,Aug-91,68.28873
197457,CAN,CPI,TOT_FOODENRG,IDX2015,M,Sep-91,68.25449
197458,CAN,CPI,TOT_FOODENRG,IDX2015,M,Oct-91,68.42393
197459,CAN,CPI,TOT_FOODENRG,IDX2015,M,Nov-91,68.706
197460,CAN,CPI,TOT_FOODENRG,IDX2015,M,Dec-91,68.49462
197461,CAN,CPI,TOT_FOODENRG,IDX2015,M,Jan-92,68.61214
197462,CAN,CPI,TOT_FOODENRG,IDX2015,M,Feb-92,68.76323
197463,CAN,CPI,TOT_FOODENRG,IDX2015,M,Mar-92,69.03647
197464,CAN,CPI,TOT_FOODENRG,IDX2015,M,Apr-92,69.08089
197465,CAN,CPI,TOT_FOODENRG,IDX2015,M,May-92,69.13055
197466,CAN,CPI,TOT_FOODENRG,IDX2015,M,Jun-92,69.12521
197467,CAN,CPI,TOT_FOODENRG,IDX2015,M,Jul-92,69.23204
197468,CAN,CPI,TOT_FOODENRG,IDX2015,M,Aug-92,69.33047
197469,CAN,CPI,TOT_FOODENRG,IDX2015,M,Sep-92,69.44591
197470,CAN,CPI,TOT_FOODENRG,IDX2015,M,Oct-92,69.59367
197471,CAN,CPI,TOT_FOODENRG,IDX2015,M,Nov-92,69.90021
197472,CAN,CPI,TOT_FOODENRG,IDX2015,M,Dec-92,69.85868
197473,CAN,CPI,TOT_FOODENRG,IDX2015,M,Jan-93,70.02106
197474,CAN,CPI,TOT_FOODENRG,IDX2015,M,Feb-93,70.28612
197475,CAN,CPI,TOT_FOODENRG,IDX2015,M,Mar-93,70.295
197476,CAN,CPI,TOT_FOODENRG,IDX2015,M,Apr-93,70.3241
197477,CAN,CPI,TOT_FOODENRG,IDX2015,M,May-93,70.35114
197478,CAN,CPI,TOT_FOODENRG,IDX2015,M,Jun-93,70.28149
197479,CAN,CPI,TOT_FOODENRG,IDX2015,M,Jul-93,70.52306
197480,CAN,CPI,TOT_FOODENRG,IDX2015,M,Aug-93,70.7408
197481,CAN,CPI,TOT_FOODENRG,IDX2015,M,Sep-93,70.7784
197482,CAN,CPI,TOT_FOODENRG,IDX2015,M,Oct-93,71.01572
197483,CAN,CPI,TOT_FOODENRG,IDX2015,M,Nov-93,71.3628
197484,CAN,CPI,TOT_FOODENRG,IDX2015,M,Dec-93,71.16964
197485,CAN,CPI,TOT_FOODENRG,IDX2015,M,Jan-94,71.17717
197486,CAN,CPI,TOT_FOODENRG,IDX2015,M,Feb-94,70.46201
197487,CAN,CPI,TOT_FOODENRG,IDX2015,M,Mar-94,70.55749
197488,CAN,CPI,TOT_FOODENRG,IDX2015,M,Apr-94,70.50353
197489,CAN,CPI,TOT_FOODENRG,IDX2015,M,May-94,70.24169
197490,CAN,CPI,TOT_FOODENRG,IDX2015,M,Jun-94,70.30667
197491,CAN,CPI,TOT_FOODENRG,IDX2015,M,Jul-94,70.4818
197492,CAN,CPI,TOT_FOODENRG,IDX2015,M,Aug-94,70.57658
197493,CAN,CPI,TOT_FOODENRG,IDX2015,M,Sep-94,70.86855
197494,CAN,CPI,TOT_FOODENRG,IDX2015,M,Oct-94,70.75747
197495,CAN,CPI,TOT_FOODENRG,IDX2015,M,Nov-94,71.13786
197496,CAN,CPI,TOT_FOODENRG,IDX2015,M,Dec-94,71.26012
197497,CAN,CPI,TOT_FOODENRG,IDX2015,M,Jan-95,71.36789
197498,CAN,CPI,TOT_FOODENRG,IDX2015,M,Feb-95,71.6862
197499,CAN,CPI,TOT_FOODENRG,IDX2015,M,Mar-95,71.87479
197500,CAN,CPI,TOT_FOODENRG,IDX2015,M,Apr-95,71.98322
197501,CAN,CPI,TOT_FOODENRG,IDX2015,M,May-95,72.1525
197502,CAN,CPI,TOT_FOODENRG,IDX2015,M,Jun-95,72.13583
197503,CAN,CPI,TOT_FOODENRG,IDX2015,M,Jul-95,72.40192
197504,CAN,CPI,TOT_FOODENRG,IDX2015,M,Aug-95,72.43635
197505,CAN,CPI,TOT_FOODENRG,IDX2015,M,Sep-95,72.57201
197506,CAN,CPI,TOT_FOODENRG,IDX2015,M,Oct-95,72.54328
197507,CAN,CPI,TOT_FOODENRG,IDX2015,M,Nov-95,72.87473
197508,CAN,CPI,TOT_FOODENRG,IDX2015,M,Dec-95,72.52623
197509,CAN,CPI,TOT_FOODENRG,IDX2015,M,Jan-96,72.66871
197510,CAN,CPI,TOT_FOODENRG,IDX2015,M,Feb-96,72.78736
197511,CAN,CPI,TOT_FOODENRG,IDX2015,M,Mar-96,73.05302
197512,CAN,CPI,TOT_FOODENRG,IDX2015,M,Apr-96,73.03101
197513,CAN,CPI,TOT_FOODENRG,IDX2015,M,May-96,73.19993
197514,CAN,CPI,TOT_FOODENRG,IDX2015,M,Jun-96,73.21105
197515,CAN,CPI,TOT_FOODENRG,IDX2015,M,Jul-96,73.42001
197516,CAN,CPI,TOT_FOODENRG,IDX2015,M,Aug-96,73.46154
197517,CAN,CPI,TOT_FOODENRG,IDX2015,M,Sep-96,73.5645
197518,CAN,CPI,TOT_FOODENRG,IDX2015,M,Oct-96,73.54314
197519,CAN,CPI,TOT_FOODENRG,IDX2015,M,Nov-96,73.86113
197520,CAN,CPI,TOT_FOODENRG,IDX2015,M,Dec-96,73.85753
197521,CAN,CPI,TOT_FOODENRG,IDX2015,M,Jan-97,73.9651
197522,CAN,CPI,TOT_FOODENRG,IDX2015,M,Feb-97,74.10259
197523,CAN,CPI,TOT_FOODENRG,IDX2015,M,Mar-97,74.25319
197524,CAN,CPI,TOT_FOODENRG,IDX2015,M,Apr-97,74.41264
197525,CAN,CPI,TOT_FOODENRG,IDX2015,M,May-97,74.45578
197526,CAN,CPI,TOT_FOODENRG,IDX2015,M,Jun-97,74.58907
197527,CAN,CPI,TOT_FOODENRG,IDX2015,M,Jul-97,74.58523
197528,CAN,CPI,TOT_FOODENRG,IDX2015,M,Aug-97,74.64447
197529,CAN,CPI,TOT_FOODENRG,IDX2015,M,Sep-97,74.75998
197530,CAN,CPI,TOT_FOODENRG,IDX2015,M,Oct-97,74.79472
197531,CAN,CPI,TOT_FOODENRG,IDX2015,M,Nov-97,74.64931
197532,CAN,CPI,TOT_FOODENRG,IDX2015,M,Dec-97,74.58488
197533,CAN,CPI,TOT_FOODENRG,IDX2015,M,Jan-98,74.89555
197534,CAN,CPI,TOT_FOODENRG,IDX2015,M,Feb-98,75.25683
197535,CAN,CPI,TOT_FOODENRG,IDX2015,M,Mar-98,75.39917
197536,CAN,CPI,TOT_FOODENRG,IDX2015,M,Apr-98,75.32591
197537,CAN,CPI,TOT_FOODENRG,IDX2015,M,May-98,75.46759
197538,CAN,CPI,TOT_FOODENRG,IDX2015,M,Jun-98,75.46372
197539,CAN,CPI,TOT_FOODENRG,IDX2015,M,Jul-98,75.58845
197540,CAN,CPI,TOT_FOODENRG,IDX2015,M,Aug-98,75.69993
197541,CAN,CPI,TOT_FOODENRG,IDX2015,M,Sep-98,75.73857
197542,CAN,CPI,TOT_FOODENRG,IDX2015,M,Oct-98,75.9917
197543,CAN,CPI,TOT_FOODENRG,IDX2015,M,Nov-98,75.84203
197544,CAN,CPI,TOT_FOODENRG,IDX2015,M,Dec-98,75.62302
197545,CAN,CPI,TOT_FOODENRG,IDX2015,M,Jan-99,75.62794
197546,CAN,CPI,TOT_FOODENRG,IDX2015,M,Feb-99,75.87294
197547,CAN,CPI,TOT_FOODENRG,IDX2015,M,Mar-99,76.17787
197548,CAN,CPI,TOT_FOODENRG,IDX2015,M,Apr-99,76.40908
197549,CAN,CPI,TOT_FOODENRG,IDX2015,M,May-99,76.53795
197550,CAN,CPI,TOT_FOODENRG,IDX2015,M,Jun-99,76.74473
197551,CAN,CPI,TOT_FOODENRG,IDX2015,M,Jul-99,76.83425
197552,CAN,CPI,TOT_FOODENRG,IDX2015,M,Aug-99,76.923
197553,CAN,CPI,TOT_FOODENRG,IDX2015,M,Sep-99,77.23181
197554,CAN,CPI,TOT_FOODENRG,IDX2015,M,Oct-99,77.22716
197555,CAN,CPI,TOT_FOODENRG,IDX2015,M,Nov-99,77.11591
197556,CAN,CPI,TOT_FOODENRG,IDX2015,M,Dec-99,76.99498
197557,CAN,CPI,TOT_FOODENRG,IDX2015,M,Jan-00,76.79704
197558,CAN,CPI,TOT_FOODENRG,IDX2015,M,Feb-00,77.22162
197559,CAN,CPI,TOT_FOODENRG,IDX2015,M,Mar-00,77.5602
197560,CAN,CPI,TOT_FOODENRG,IDX2015,M,Apr-00,77.53577
197561,CAN,CPI,TOT_FOODENRG,IDX2015,M,May-00,77.73786
197562,CAN,CPI,TOT_FOODENRG,IDX2015,M,Jun-00,77.93468
197563,CAN,CPI,TOT_FOODENRG,IDX2015,M,Jul-00,78.09805
197564,CAN,CPI,TOT_FOODENRG,IDX2015,M,Aug-00,78.20593
197565,CAN,CPI,TOT_FOODENRG,IDX2015,M,Sep-00,78.38882
197566,CAN,CPI,TOT_FOODENRG,IDX2015,M,Oct-00,78.52151
197567,CAN,CPI,TOT_FOODENRG,IDX2015,M,Nov-00,78.55152
197568,CAN,CPI,TOT_FOODENRG,IDX2015,M,Dec-00,78.59583
197569,CAN,CPI,TOT_FOODENRG,IDX2015,M,Jan-01,78.40334
197570,CAN,CPI,TOT_FOODENRG,IDX2015,M,Feb-01,78.85983
197571,CAN,CPI,TOT_FOODENRG,IDX2015,M,Mar-01,78.9286
197572,CAN,CPI,TOT_FOODENRG,IDX2015,M,Apr-01,79.28004
197573,CAN,CPI,TOT_FOODENRG,IDX2015,M,May-01,79.50211
197574,CAN,CPI,TOT_FOODENRG,IDX2015,M,Jun-01,79.71334
197575,CAN,CPI,TOT_FOODENRG,IDX2015,M,Jul-01,79.9351
197576,CAN,CPI,TOT_FOODENRG,IDX2015,M,Aug-01,80.07211
197577,CAN,CPI,TOT_FOODENRG,IDX2015,M,Sep-01,80.16527
197578,CAN,CPI,TOT_FOODENRG,IDX2015,M,Oct-01,80.09371
197579,CAN,CPI,TOT_FOODENRG,IDX2015,M,Nov-01,79.84772
197580,CAN,CPI,TOT_FOODENRG,IDX2015,M,Dec-01,79.90003
197581,CAN,CPI,TOT_FOODENRG,IDX2015,M,Jan-02,79.76738
197582,CAN,CPI,TOT_FOODENRG,IDX2015,M,Feb-02,80.2628
197583,CAN,CPI,TOT_FOODENRG,IDX2015,M,Mar-02,80.69913
197584,CAN,CPI,TOT_FOODENRG,IDX2015,M,Apr-02,81.10059
197585,CAN,CPI,TOT_FOODENRG,IDX2015,M,May-02,81.43964
197586,CAN,CPI,TOT_FOODENRG,IDX2015,M,Jun-02,81.68866
197587,CAN,CPI,TOT_FOODENRG,IDX2015,M,Jul-02,82.18424
197588,CAN,CPI,TOT_FOODENRG,IDX2015,M,Aug-02,82.40999
197589,CAN,CPI,TOT_FOODENRG,IDX2015,M,Sep-02,82.47604
197590,CAN,CPI,TOT_FOODENRG,IDX2015,M,Oct-02,82.61899
197591,CAN,CPI,TOT_FOODENRG,IDX2015,M,Nov-02,82.81254
197592,CAN,CPI,TOT_FOODENRG,IDX2015,M,Dec-02,82.87407
197593,CAN,CPI,TOT_FOODENRG,IDX2015,M,Jan-03,82.8343
197594,CAN,CPI,TOT_FOODENRG,IDX2015,M,Feb-03,83.28863
197595,CAN,CPI,TOT_FOODENRG,IDX2015,M,Mar-03,83.37811
197596,CAN,CPI,TOT_FOODENRG,IDX2015,M,Apr-03,83.44428
197597,CAN,CPI,TOT_FOODENRG,IDX2015,M,May-03,83.69202
197598,CAN,CPI,TOT_FOODENRG,IDX2015,M,Jun-03,83.49036
197599,CAN,CPI,TOT_FOODENRG,IDX2015,M,Jul-03,83.56165
197600,CAN,CPI,TOT_FOODENRG,IDX2015,M,Aug-03,83.63995
197601,CAN,CPI,TOT_FOODENRG,IDX2015,M,Sep-03,83.96654
197602,CAN,CPI,TOT_FOODENRG,IDX2015,M,Oct-03,84.11734
197603,CAN,CPI,TOT_FOODENRG,IDX2015,M,Nov-03,84.36955
197604,CAN,CPI,TOT_FOODENRG,IDX2015,M,Dec-03,84.27451
197605,CAN,CPI,TOT_FOODENRG,IDX2015,M,Jan-04,84.20895
197606,CAN,CPI,TOT_FOODENRG,IDX2015,M,Feb-04,84.24606
197607,CAN,CPI,TOT_FOODENRG,IDX2015,M,Mar-04,84.53739
197608,CAN,CPI,TOT_FOODENRG,IDX2015,M,Apr-04,84.60273
197609,CAN,CPI,TOT_FOODENRG,IDX2015,M,May-04,84.7468
197610,CAN,CPI,TOT_FOODENRG,IDX2015,M,Jun-04,84.77915
197611,CAN,CPI,TOT_FOODENRG,IDX2015,M,Jul-04,84.85938
197612,CAN,CPI,TOT_FOODENRG,IDX2015,M,Aug-04,84.69392
197613,CAN,CPI,TOT_FOODENRG,IDX2015,M,Sep-04,85.03928
197614,CAN,CPI,TOT_FOODENRG,IDX2015,M,Oct-04,84.96444
197615,CAN,CPI,TOT_FOODENRG,IDX2015,M,Nov-04,85.41014
197616,CAN,CPI,TOT_FOODENRG,IDX2015,M,Dec-04,85.43043
197617,CAN,CPI,TOT_FOODENRG,IDX2015,M,Jan-05,85.28092
197618,CAN,CPI,TOT_FOODENRG,IDX2015,M,Feb-05,85.52433
197619,CAN,CPI,TOT_FOODENRG,IDX2015,M,Mar-05,85.77221
197620,CAN,CPI,TOT_FOODENRG,IDX2015,M,Apr-05,85.61289
197621,CAN,CPI,TOT_FOODENRG,IDX2015,M,May-05,85.892
197622,CAN,CPI,TOT_FOODENRG,IDX2015,M,Jun-05,85.92691
197623,CAN,CPI,TOT_FOODENRG,IDX2015,M,Jul-05,85.82511
197624,CAN,CPI,TOT_FOODENRG,IDX2015,M,Aug-05,85.94001
197625,CAN,CPI,TOT_FOODENRG,IDX2015,M,Sep-05,86.19949
197626,CAN,CPI,TOT_FOODENRG,IDX2015,M,Oct-05,86.18878
197627,CAN,CPI,TOT_FOODENRG,IDX2015,M,Nov-05,86.59031
197628,CAN,CPI,TOT_FOODENRG,IDX2015,M,Dec-05,86.56899
197629,CAN,CPI,TOT_FOODENRG,IDX2015,M,Jan-06,86.13248
197630,CAN,CPI,TOT_FOODENRG,IDX2015,M,Feb-06,86.50323
197631,CAN,CPI,TOT_FOODENRG,IDX2015,M,Mar-06,86.86926
197632,CAN,CPI,TOT_FOODENRG,IDX2015,M,Apr-06,86.67939
197633,CAN,CPI,TOT_FOODENRG,IDX2015,M,May-06,87.01505
197634,CAN,CPI,TOT_FOODENRG,IDX2015,M,Jun-06,86.88346
197635,CAN,CPI,TOT_FOODENRG,IDX2015,M,Jul-06,86.61074
197636,CAN,CPI,TOT_FOODENRG,IDX2015,M,Aug-06,86.85646
197637,CAN,CPI,TOT_FOODENRG,IDX2015,M,Sep-06,87.52975
197638,CAN,CPI,TOT_FOODENRG,IDX2015,M,Oct-06,87.75037
197639,CAN,CPI,TOT_FOODENRG,IDX2015,M,Nov-06,87.851
197640,CAN,CPI,TOT_FOODENRG,IDX2015,M,Dec-06,87.76785
197641,CAN,CPI,TOT_FOODENRG,IDX2015,M,Jan-07,87.79585
197642,CAN,CPI,TOT_FOODENRG,IDX2015,M,Feb-07,88.17035
197643,CAN,CPI,TOT_FOODENRG,IDX2015,M,Mar-07,88.33346
197644,CAN,CPI,TOT_FOODENRG,IDX2015,M,Apr-07,88.56827
197645,CAN,CPI,TOT_FOODENRG,IDX2015,M,May-07,88.7731
197646,CAN,CPI,TOT_FOODENRG,IDX2015,M,Jun-07,88.75883
197647,CAN,CPI,TOT_FOODENRG,IDX2015,M,Jul-07,88.96732
197648,CAN,CPI,TOT_FOODENRG,IDX2015,M,Aug-07,89.05489
197649,CAN,CPI,TOT_FOODENRG,IDX2015,M,Sep-07,89.40504
197650,CAN,CPI,TOT_FOODENRG,IDX2015,M,Oct-07,89.33021
197651,CAN,CPI,TOT_FOODENRG,IDX2015,M,Nov-07,89.34447
197652,CAN,CPI,TOT_FOODENRG,IDX2015,M,Dec-07,89.25149
197653,CAN,CPI,TOT_FOODENRG,IDX2015,M,Jan-08,88.81841
197654,CAN,CPI,TOT_FOODENRG,IDX2015,M,Feb-08,89.14523
197655,CAN,CPI,TOT_FOODENRG,IDX2015,M,Mar-08,89.22045
197656,CAN,CPI,TOT_FOODENRG,IDX2015,M,Apr-08,89.35542
197657,CAN,CPI,TOT_FOODENRG,IDX2015,M,May-08,89.54752
197658,CAN,CPI,TOT_FOODENRG,IDX2015,M,Jun-08,89.57744
197659,CAN,CPI,TOT_FOODENRG,IDX2015,M,Jul-08,89.52427
197660,CAN,CPI,TOT_FOODENRG,IDX2015,M,Aug-08,89.77769
197661,CAN,CPI,TOT_FOODENRG,IDX2015,M,Sep-08,90.10534
197662,CAN,CPI,TOT_FOODENRG,IDX2015,M,Oct-08,90.16064
197663,CAN,CPI,TOT_FOODENRG,IDX2015,M,Nov-08,91.00002
197664,CAN,CPI,TOT_FOODENRG,IDX2015,M,Dec-08,90.8707
197665,CAN,CPI,TOT_FOODENRG,IDX2015,M,Jan-09,90.3698
197666,CAN,CPI,TOT_FOODENRG,IDX2015,M,Feb-09,90.77749
197667,CAN,CPI,TOT_FOODENRG,IDX2015,M,Mar-09,90.94593
197668,CAN,CPI,TOT_FOODENRG,IDX2015,M,Apr-09,91.15747
197669,CAN,CPI,TOT_FOODENRG,IDX2015,M,May-09,91.41319
197670,CAN,CPI,TOT_FOODENRG,IDX2015,M,Jun-09,91.37551
197671,CAN,CPI,TOT_FOODENRG,IDX2015,M,Jul-09,91.37093
197672,CAN,CPI,TOT_FOODENRG,IDX2015,M,Aug-09,91.2272
197673,CAN,CPI,TOT_FOODENRG,IDX2015,M,Sep-09,91.56026
197674,CAN,CPI,TOT_FOODENRG,IDX2015,M,Oct-09,91.7406
197675,CAN,CPI,TOT_FOODENRG,IDX2015,M,Nov-09,91.79531
197676,CAN,CPI,TOT_FOODENRG,IDX2015,M,Dec-09,91.54761
197677,CAN,CPI,TOT_FOODENRG,IDX2015,M,Jan-10,91.51464
197678,CAN,CPI,TOT_FOODENRG,IDX2015,M,Feb-10,92.12753
197679,CAN,CPI,TOT_FOODENRG,IDX2015,M,Mar-10,91.85691
197680,CAN,CPI,TOT_FOODENRG,IDX2015,M,Apr-10,92.18537
197681,CAN,CPI,TOT_FOODENRG,IDX2015,M,May-10,92.34082
197682,CAN,CPI,TOT_FOODENRG,IDX2015,M,Jun-10,92.39471
197683,CAN,CPI,TOT_FOODENRG,IDX2015,M,Jul-10,92.56335
197684,CAN,CPI,TOT_FOODENRG,IDX2015,M,Aug-10,92.56183
197685,CAN,CPI,TOT_FOODENRG,IDX2015,M,Sep-10,92.89227
197686,CAN,CPI,TOT_FOODENRG,IDX2015,M,Oct-10,93.29547
197687,CAN,CPI,TOT_FOODENRG,IDX2015,M,Nov-10,93.25579
197688,CAN,CPI,TOT_FOODENRG,IDX2015,M,Dec-10,92.9164
197689,CAN,CPI,TOT_FOODENRG,IDX2015,M,Jan-11,92.9026
197690,CAN,CPI,TOT_FOODENRG,IDX2015,M,Feb-11,93.12489
197691,CAN,CPI,TOT_FOODENRG,IDX2015,M,Mar-11,93.65054
197692,CAN,CPI,TOT_FOODENRG,IDX2015,M,Apr-11,93.42771
197693,CAN,CPI,TOT_FOODENRG,IDX2015,M,May-11,94.05155
197694,CAN,CPI,TOT_FOODENRG,IDX2015,M,Jun-11,93.44724
197695,CAN,CPI,TOT_FOODENRG,IDX2015,M,Jul-11,93.45503
197696,CAN,CPI,TOT_FOODENRG,IDX2015,M,Aug-11,93.81902
197697,CAN,CPI,TOT_FOODENRG,IDX2015,M,Sep-11,94.41463
197698,CAN,CPI,TOT_FOODENRG,IDX2015,M,Oct-11,94.5822
197699,CAN,CPI,TOT_FOODENRG,IDX2015,M,Nov-11,94.75916
197700,CAN,CPI,TOT_FOODENRG,IDX2015,M,Dec-11,94.17167
197701,CAN,CPI,TOT_FOODENRG,IDX2015,M,Jan-12,94.29714
197702,CAN,CPI,TOT_FOODENRG,IDX2015,M,Feb-12,94.64555
197703,CAN,CPI,TOT_FOODENRG,IDX2015,M,Mar-12,94.99722
197704,CAN,CPI,TOT_FOODENRG,IDX2015,M,Apr-12,95.37055
197705,CAN,CPI,TOT_FOODENRG,IDX2015,M,May-12,95.44697
197706,CAN,CPI,TOT_FOODENRG,IDX2015,M,Jun-12,95.14243
197707,CAN,CPI,TOT_FOODENRG,IDX2015,M,Jul-12,94.87601
197708,CAN,CPI,TOT_FOODENRG,IDX2015,M,Aug-12,94.8996
197709,CAN,CPI,TOT_FOODENRG,IDX2015,M,Sep-12,95.21418
197710,CAN,CPI,TOT_FOODENRG,IDX2015,M,Oct-12,95.49728
197711,CAN,CPI,TOT_FOODENRG,IDX2015,M,Nov-12,95.59012
197712,CAN,CPI,TOT_FOODENRG,IDX2015,M,Dec-12,95.08318
197713,CAN,CPI,TOT_FOODENRG,IDX2015,M,Jan-13,95.06847
197714,CAN,CPI,TOT_FOODENRG,IDX2015,M,Feb-13,95.62356
197715,CAN,CPI,TOT_FOODENRG,IDX2015,M,Mar-13,95.93756
197716,CAN,CPI,TOT_FOODENRG,IDX2015,M,Apr-13,95.90793
197717,CAN,CPI,TOT_FOODENRG,IDX2015,M,May-13,96.02683
197718,CAN,CPI,TOT_FOODENRG,IDX2015,M,Jun-13,95.79177
197719,CAN,CPI,TOT_FOODENRG,IDX2015,M,Jul-13,95.68932
197720,CAN,CPI,TOT_FOODENRG,IDX2015,M,Aug-13,95.77706
197721,CAN,CPI,TOT_FOODENRG,IDX2015,M,Sep-13,96.16367
197722,CAN,CPI,TOT_FOODENRG,IDX2015,M,Oct-13,96.44339
197723,CAN,CPI,TOT_FOODENRG,IDX2015,M,Nov-13,96.22453
197724,CAN,CPI,TOT_FOODENRG,IDX2015,M,Dec-13,95.85919
197725,CAN,CPI,TOT_FOODENRG,IDX2015,M,Jan-14,96.08038
197726,CAN,CPI,TOT_FOODENRG,IDX2015,M,Feb-14,96.6775
197727,CAN,CPI,TOT_FOODENRG,IDX2015,M,Mar-14,96.94721
197728,CAN,CPI,TOT_FOODENRG,IDX2015,M,Apr-14,96.98806
197729,CAN,CPI,TOT_FOODENRG,IDX2015,M,May-14,97.28164
197730,CAN,CPI,TOT_FOODENRG,IDX2015,M,Jun-14,97.2653
197731,CAN,CPI,TOT_FOODENRG,IDX2015,M,Jul-14,97.162
197732,CAN,CPI,TOT_FOODENRG,IDX2015,M,Aug-14,97.60725
197733,CAN,CPI,TOT_FOODENRG,IDX2015,M,Sep-14,97.87204
197734,CAN,CPI,TOT_FOODENRG,IDX2015,M,Oct-14,98.34697
197735,CAN,CPI,TOT_FOODENRG,IDX2015,M,Nov-14,98.26174
197736,CAN,CPI,TOT_FOODENRG,IDX2015,M,Dec-14,98.00246
197737,CAN,CPI,TOT_FOODENRG,IDX2015,M,Jan-15,98.40608
197738,CAN,CPI,TOT_FOODENRG,IDX2015,M,Feb-15,99.25374
197739,CAN,CPI,TOT_FOODENRG,IDX2015,M,Mar-15,99.83362
197740,CAN,CPI,TOT_FOODENRG,IDX2015,M,Apr-15,99.86591
197741,CAN,CPI,TOT_FOODENRG,IDX2015,M,May-15,100.0895
197742,CAN,CPI,TOT_FOODENRG,IDX2015,M,Jun-15,100.0442
197743,CAN,CPI,TOT_FOODENRG,IDX2015,M,Jul-15,100.0429
197744,CAN,CPI,TOT_FOODENRG,IDX2015,M,Aug-15,100.2844
197745,CAN,CPI,TOT_FOODENRG,IDX2015,M,Sep-15,100.6099
197746,CAN,CPI,TOT_FOODENRG,IDX2015,M,Oct-15,100.8103
197747,CAN,CPI,TOT_FOODENRG,IDX2015,M,Nov-15,100.6257
197748,CAN,CPI,TOT_FOODENRG,IDX2015,M,Dec-15,100.1337
197749,CAN,CPI,TOT_FOODENRG,IDX2015,M,Jan-16,100.4359
197750,CAN,CPI,TOT_FOODENRG,IDX2015,M,Feb-16,101.0004
197751,CAN,CPI,TOT_FOODENRG,IDX2015,M,Mar-16,101.6089
197752,CAN,CPI,TOT_FOODENRG,IDX2015,M,Apr-16,101.762
197753,CAN,CPI,TOT_FOODENRG,IDX2015,M,May-16,102.0957
197754,CAN,CPI,TOT_FOODENRG,IDX2015,M,Jun-16,102.2091
197755,CAN,CPI,TOT_FOODENRG,IDX2015,M,Jul-16,102.2003
197756,CAN,CPI,TOT_FOODENRG,IDX2015,M,Aug-16,102.1722
197757,CAN,CPI,TOT_FOODENRG,IDX2015,M,Sep-16,102.5226
197758,CAN,CPI,TOT_FOODENRG,IDX2015,M,Oct-16,102.7106
197759,CAN,CPI,TOT_FOODENRG,IDX2015,M,Nov-16,102.3499
197760,CAN,CPI,TOT_FOODENRG,IDX2015,M,Dec-16,102.0167
197761,CAN,CPI,TOT_FOODENRG,IDX2015,M,Jan-17,102.5696
197762,CAN,CPI,TOT_FOODENRG,IDX2015,M,Feb-17,103.0415
197763,CAN,CPI,TOT_FOODENRG,IDX2015,M,Mar-17,103.2956
197764,CAN,CPI,TOT_FOODENRG,IDX2015,M,Apr-17,103.3022
197765,CAN,CPI,TOT_FOODENRG,IDX2015,M,May-17,103.6044
197766,CAN,CPI,TOT_FOODENRG,IDX2015,M,Jun-17,103.6436
197767,CAN,CPI,TOT_FOODENRG,IDX2015,M,Jul-17,103.636
197768,CAN,CPI,TOT_FOODENRG,IDX2015,M,Aug-17,103.6585
197769,CAN,CPI,TOT_FOODENRG,IDX2015,M,Sep-17,103.8998
197770,CAN,CPI,TOT_FOODENRG,IDX2015,M,Oct-17,104.3037
197771,CAN,CPI,TOT_FOODENRG,IDX2015,M,Nov-17,104.1607
197772,CAN,CPI,TOT_FOODENRG,IDX2015,M,Dec-17,103.7372
197773,CAN,CPI,TOT_FOODENRG,IDX2015,M,Jan-18,104.2608
197774,CAN,CPI,TOT_FOODENRG,IDX2015,M,Feb-18,105.097
197775,CAN,CPI,TOT_FOODENRG,IDX2015,M,Mar-18,105.4791
197776,CAN,CPI,TOT_FOODENRG,IDX2015,M,Apr-18,105.4451
197777,CAN,CPI,TOT_FOODENRG,IDX2015,M,May-18,105.4584
197778,CAN,CPI,TOT_FOODENRG,IDX2015,M,Jun-18,105.6487
197779,CAN,CPI,TOT_FOODENRG,IDX2015,M,Jul-18,106.1747
197780,CAN,CPI,TOT_FOODENRG,IDX2015,M,Aug-18,106.2241
197781,CAN,CPI,TOT_FOODENRG,IDX2015,M,Sep-18,105.9353
197782,CAN,CPI,TOT_FOODENRG,IDX2015,M,Oct-18,106.5532
197783,CAN,CPI,TOT_FOODENRG,IDX2015,M,Nov-18,106.2276
197784,CAN,CPI,TOT_FOODENRG,IDX2015,M,Dec-18,106.2492
197785,CAN,CPI,TOT_FOODENRG,IDX2015,M,Jan-19,106.4064
197786,CAN,CPI,TOT_FOODENRG,IDX2015,M,Feb-19,107.0864
197787,CAN,CPI,TOT_FOODENRG,IDX2015,M,Mar-19,107.4421
197788,CAN,CPI,TOT_FOODENRG,IDX2015,M,Apr-19,107.5812
197789,CAN,CPI,TOT_FOODENRG,IDX2015,M,May-19,108.0047
197790,CAN,CPI,TOT_FOODENRG,IDX2015,M,Jun-19,108.1153
197791,CAN,CPI,TOT_FOODENRG,IDX2015,M,Jul-19,108.5125
197792,CAN,CPI,TOT_FOODENRG,IDX2015,M,Aug-19,108.6502
197793,CAN,CPI,TOT_FOODENRG,IDX2015,M,Sep-19,108.2234
197794,CAN,CPI,TOT_FOODENRG,IDX2015,M,Oct-19,108.6713
197795,CAN,CPI,TOT_FOODENRG,IDX2015,M,Nov-19,108.3521
197796,CAN,CPI,TOT_FOODENRG,IDX2015,M,Dec-19,108.219
197797,CAN,CPI,TOT_FOODENRG,IDX2015,M,Jan-20,108.3699
197798,CAN,CPI,TOT_FOODENRG,IDX2015,M,Feb-20,109.1645
197799,CAN,CPI,TOT_FOODENRG,IDX2015,M,Mar-20,109.3087
197800,CAN,CPI,TOT_FOODENRG,IDX2015,M,Apr-20,108.9961
197801,CAN,CPI,TOT_FOODENRG,IDX2015,M,May-20,108.8493
197802,CAN,CPI,TOT_FOODENRG,IDX2015,M,Jun-20,109.3422
197803,CAN,CPI,TOT_FOODENRG,IDX2015,M,Jul-20,109.1333
197804,CAN,CPI,TOT_FOODENRG,IDX2015,M,Aug-20,109.1719
197805,CAN,CPI,TOT_FOODENRG,IDX2015,M,Sep-20,109.2162
197806,CAN,CPI,TOT_FOODENRG,IDX2015,M,Oct-20,109.7403
197807,CAN,CPI,TOT_FOODENRG,IDX2015,M,Nov-20,109.8812
197808,CAN,CPI,TOT_FOODENRG,IDX2015,M,Dec-20,109.4658
197809,CAN,CPI,TOT_FOODENRG,IDX2015,M,Jan-21,109.9556
197810,CAN,CPI,TOT_FOODENRG,IDX2015,M,Feb-21,110.181
197811,CAN,CPI,TOT_FOODENRG,IDX2015,M,Mar-21,110.4529
197812,CAN,CPI,TOT_FOODENRG,IDX2015,M,Apr-21,111.0164
197813,CAN,CPI,TOT_FOODENRG,IDX2015,M,May-21,111.3571
197814,CAN,CPI,TOT_FOODENRG,IDX2015,M,Jun-21,111.7396
197815,CAN,CPI,TOT_FOODENRG,IDX2015,M,Jul-21,112.3064
197816,CAN,CPI,TOT_FOODENRG,IDX2015,M,Aug-21,112.512
197817,CAN,CPI,TOT_FOODENRG,IDX2015,M,Sep-21,112.7462
197818,CAN,CPI,TOT_FOODENRG,IDX2015,M,Oct-21,113.2625
197819,CAN,CPI,TOT_FOODENRG,IDX2015,M,Nov-21,113.3053
197820,CAN,CPI,TOT_FOODENRG,IDX2015,M,Dec-21,113.2237
197821,CAN,CPI,TOT_FOODENRG,IDX2015,M,Jan-22,113.9234
197822,CAN,CPI,TOT_FOODENRG,IDX2015,M,Feb-22,114.6972
197823,CAN,CPI,TOT_FOODENRG,IDX2015,M,Mar-22,115.8344
197824,CAN,CPI,TOT_FOODENRG,IDX2015,M,Apr-22,116.5287
197825,CAN,CPI,TOT_FOODENRG,IDX2015,M,May-22,117.1325
197826,CAN,CPI,TOT_FOODENRG,IDX2015,M,Jun-22,117.6047
197827,CAN,CPI,TOT_FOODENRG,IDX2015,M,Jul-22,118.4004
197828,CAN,CPI,TOT_FOODENRG,IDX2015,M,Aug-22,118.5921
197829,CAN,CPI,TOT_FOODENRG,IDX2015,M,Sep-22,119.0532
197830,CAN,CPI,TOT_FOODENRG,IDX2015,M,Oct-22,119.4034
197831,CAN,CPI,TOT_FOODENRG,IDX2015,M,Nov-22,119.5191
197832,CAN,CPI,TOT_FOODENRG,IDX2015,M,Dec-22,119.5447
